project,analysis_key,date,project_version,revision
Apache_Cayenne,AWedEXD3C4KKKThcCqHV,2008-07-07 14:52:05,,
Apache_Cayenne,AWedCu_QC4KKKThcCqGv,2008-07-07 12:31:47,,
Apache_Cayenne,AWedBDbIC4KKKThcCqGA,2008-07-05 18:54:27,,
Apache_Cayenne,AWec_b8nC4KKKThcCqFg,2008-07-03 20:21:40,,
Apache_Cayenne,AWec904qC4KKKThcCqE3,2008-07-02 00:12:36,,
Apache_Cayenne,AWec8ODiC4KKKThcCqEe,2008-07-01 19:02:34,,
Apache_Cayenne,AWec6jkQC4KKKThcCqEE,2008-07-01 18:17:04,,
Apache_Cayenne,AWec47N9C4KKKThcCqDl,2008-07-01 18:16:28,,
Apache_Cayenne,AWec3RZsC4KKKThcCppt,2008-06-26 12:56:27,,
Apache_Cayenne,AWec1ormC4KKKThcCppM,2008-06-25 13:47:57,,
Apache_Cayenne,AWec0CuzC4KKKThcCpoM,2008-06-25 13:47:56,,
Apache_Cayenne,AWecybrIC4KKKThcCpne,2008-06-25 13:22:58,,
Apache_Cayenne,AWecw1O-C4KKKThcCpmq,2008-06-25 13:07:31,,
Apache_Cayenne,AWecvSWHC4KKKThcCpl-,2008-06-25 13:04:54,,
Apache_Cayenne,AWectwymC4KKKThcCplY,2008-06-25 12:35:52,,
Apache_Cayenne,AWecsKFKC4KKKThcCpky,2008-06-25 12:28:23,,
Apache_Cayenne,AWecqfS0C4KKKThcCpkb,2008-06-21 21:42:41,,
Apache_Cayenne,AWeco3EpC4KKKThcCpjb,2008-06-21 18:27:12,,
Apache_Cayenne,AWecnYPaC4KKKThcCpil,2008-06-21 18:25:29,,
Apache_Cayenne,AWecltsEC4KKKThcCph1,2008-06-18 17:00:08,,
Apache_Cayenne,AWeckJMCC4KKKThcCphW,2008-06-16 16:25:28,,
Apache_Cayenne,AWecigWqC4KKKThcCpf-,2008-06-13 12:49:03,,
Apache_Cayenne,AWecg8GpC4KKKThcCpfe,2008-06-12 17:11:34,,
Apache_Cayenne,AWecfUeIC4KKKThcCpe4,2008-06-12 16:05:47,,
Apache_Cayenne,AWecdszJC4KKKThcCpeW,2008-06-10 12:05:27,,
Apache_Cayenne,AWeccFG7C4KKKThcCpd1,2008-06-10 12:03:47,,
Apache_Cayenne,AWecacn-C4KKKThcCpcj,2008-06-10 11:35:56,,
Apache_Cayenne,AWecY0exC4KKKThcCpcB,2008-06-10 11:08:27,,
Apache_Cayenne,AWecXME_C4KKKThcCpbh,2008-06-10 01:02:50,,
Apache_Cayenne,AWecVq0VC4KKKThcCpaM,2008-06-09 10:44:16,,
Apache_Cayenne,AWecUAfjC4KKKThcCpZX,2008-06-08 17:07:41,,
Apache_Cayenne,AWecSbOEC4KKKThcCpYo,2008-06-05 21:10:00,,
Apache_Cayenne,AWecQ1rtC4KKKThcCpX-,2008-06-05 20:39:47,,
Apache_Cayenne,AWecPUmSC4KKKThcCpXE,2008-06-01 17:41:32,,
Apache_Cayenne,AWecNvmBC4KKKThcCpWV,2008-06-01 16:44:13,,
Apache_Cayenne,AWecMMESC4KKKThcCpQT,2008-06-01 14:38:40,,
Apache_Cayenne,AWecKsCqC4KKKThcCpPX,2008-06-01 14:11:19,,
Apache_Cayenne,AWecJEcSC4KKKThcCpOM,2008-06-01 14:11:02,,
Apache_Cayenne,AWecHcDpC4KKKThcCpMn,2008-06-01 13:18:56,,
Apache_Cayenne,AWecF0exC4KKKThcCpMK,2008-06-01 12:08:26,,
Apache_Cayenne,AWecENuQC4KKKThcCpLA,2008-06-01 12:06:30,,
Apache_Cayenne,AWecCkPZC4KKKThcCpKN,2008-06-01 11:55:19,,
Apache_Cayenne,AWecA8g-C4KKKThcCpJi,2008-06-01 11:17:54,,
Apache_Cayenne,AWeb_ZynC4KKKThcCpJE,2008-06-01 11:04:39,,
Apache_Cayenne,AWeb9yh-C4KKKThcCpIs,2008-05-31 11:31:42,,
Apache_Cayenne,AWeb8J9eC4KKKThcCpIS,2008-05-29 00:56:54,,
Apache_Cayenne,AWeb6i7wC4KKKThcCpHh,2008-05-29 00:51:17,,
Apache_Cayenne,AWeb47GWC4KKKThcCpGz,2008-05-28 20:03:08,,
Apache_Cayenne,AWeb3SBLC4KKKThcCpGU,2008-05-25 19:03:08,,
Apache_Cayenne,AWeb1nWFC4KKKThcCpFq,2008-05-25 14:14:10,,
Apache_Cayenne,AWeb0AfEC4KKKThcCpFH,2008-05-23 23:38:46,,
Apache_Cayenne,AWebyfBlC4KKKThcCpEQ,2008-05-23 23:23:37,,
Apache_Cayenne,AWebw3LqC4KKKThcCpDr,2008-05-20 14:20:49,,
Apache_Cayenne,AWebvMp8C4KKKThcCpCX,2008-05-17 18:33:16,,
Apache_Cayenne,AWebtiuPC4KKKThcCpB7,2008-05-17 18:19:49,,
Apache_Cayenne,AWebr-I3C4KKKThcCo0p,2008-05-17 18:17:50,,
Apache_Cayenne,AWebqU08C4KKKThcCoHx,2008-05-17 17:50:27,,
Apache_Cayenne,AWebopAoC4KKKThcCoHP,2008-05-15 16:33:26,,
Apache_Cayenne,AWebnJbzC4KKKThcCoGw,2008-05-15 16:06:28,,
Apache_Cayenne,AWeblnItC4KKKThcCoGa,2008-05-15 16:02:08,,
Apache_Cayenne,AWebkEYvC4KKKThcCoF9,2008-05-15 15:55:02,,
Apache_Cayenne,AWebidg9C4KKKThcCoFP,2008-05-15 15:53:51,,
Apache_Cayenne,AWebg3OQC4KKKThcCoEn,2008-05-15 15:40:31,,
Apache_Cayenne,AWebfUsKC4KKKThcCoDn,2008-05-15 15:22:15,,
Apache_Cayenne,AWebdtQAC4KKKThcCoDG,2008-05-15 15:16:04,,
Apache_Cayenne,AWebcMdRC4KKKThcCoCv,2008-05-15 15:10:22,,
Apache_Cayenne,AWebalyAC4KKKThcCoBl,2008-05-15 14:54:04,,
Apache_Cayenne,AWebY_OmC4KKKThcCoAy,2008-05-15 01:05:40,,
Apache_Cayenne,AWebXfh5C4KKKThcCoAU,2008-05-15 01:02:13,,
Apache_Cayenne,AWebV6jzC4KKKThcCn_l,2008-05-15 00:33:42,,
Apache_Cayenne,AWebUSZJC4KKKThcCn-u,2008-05-14 12:53:17,,
Apache_Cayenne,AWebSsYTC4KKKThcCn-S,2008-05-14 00:11:02,,
Apache_Cayenne,AWebRNQGC4KKKThcCn96,2008-05-13 22:21:22,,
Apache_Cayenne,AWebPkmMC4KKKThcCn9b,2008-05-13 14:47:54,,
Apache_Cayenne,AWebN9fdC4KKKThcCn8Y,2008-05-12 15:32:20,,
Apache_Cayenne,AWebMXUgC4KKKThcCn75,2008-05-09 17:34:51,,
Apache_Cayenne,AWebKwkiC4KKKThcCn7e,2008-05-09 16:44:26,,
Apache_Cayenne,AWebJN35C4KKKThcCn6z,2008-05-09 15:31:09,,
Apache_Cayenne,AWebHnTzC4KKKThcCn6M,2008-05-09 15:21:39,,
Apache_Cayenne,AWebGE17C4KKKThcCn5t,2008-05-09 15:04:54,,
Apache_Cayenne,AWebEl5zC4KKKThcCn5V,2008-05-09 13:49:17,,
Apache_Cayenne,AWebDANCC4KKKThcCn4d,2008-05-09 13:49:03,,
Apache_Cayenne,AWebBZvGC4KKKThcCn3p,2008-05-09 11:11:43,,
Apache_Cayenne,AWea_xnPC4KKKThcCn20,2008-05-09 11:11:18,,
Apache_Cayenne,AWea-L1UC4KKKThcCn2U,2008-05-09 08:15:19,,
Apache_Cayenne,AWea8kZdC4KKKThcCn1q,2008-05-09 07:45:40,,
Apache_Cayenne,AWea69FmC4KKKThcCn1M,2008-05-09 07:37:01,,
Apache_Cayenne,AWea5cAyC4KKKThcCn0x,2008-05-08 15:32:30,,
Apache_Cayenne,AWea30GmC4KKKThcCn0W,2008-05-08 15:31:57,,
Apache_Cayenne,AWea2Ml_C4KKKThcCnzs,2008-05-08 11:00:04,,
Apache_Cayenne,AWea0rvxC4KKKThcCnzI,2008-05-06 21:04:01,,
Apache_Cayenne,AWeazAOdC4KKKThcCnyp,2008-05-06 20:44:20,,
Apache_Cayenne,AWeaxToyC4KKKThcCnx6,2008-05-06 20:43:43,,
Apache_Cayenne,AWeavoGrC4KKKThcCnxc,2008-05-06 20:12:18,,
Apache_Cayenne,AWeat8zcC4KKKThcCnxH,2008-05-06 18:04:41,,
Apache_Cayenne,AWeasT3gC4KKKThcCnpT,2008-05-06 18:03:36,,
Apache_Cayenne,AWeaqqPIC4KKKThcCnoU,2008-05-06 17:57:56,,
Apache_Cayenne,AWeapCE8C4KKKThcCnnw,2008-05-06 17:51:57,,
Apache_Cayenne,AWeanbUUC4KKKThcCnlv,2008-05-06 15:13:14,,
Apache_Cayenne,AWeal35xC4KKKThcCnlQ,2008-05-06 15:12:15,,
Apache_Cayenne,AWeakXzEC4KKKThcCnko,2008-05-06 14:51:54,,
Apache_Cayenne,AWeaivJjC4KKKThcCnjy,2008-05-06 14:33:22,,
Apache_Cayenne,AWeahIH_C4KKKThcCnjK,2008-05-06 13:31:03,,
Apache_Cayenne,AWeafihaC4KKKThcCnil,2008-05-06 12:17:03,,
Apache_Cayenne,AWead7k3C4KKKThcCniD,2008-05-06 10:55:04,,
Apache_Cayenne,AWeacT_MC4KKKThcCnhW,2008-05-05 13:31:19,,
Apache_Cayenne,AWeaat5pC4KKKThcCngu,2008-05-05 13:26:13,,
Apache_Cayenne,AWeaZImmC4KKKThcCngJ,2008-05-04 13:59:59,,
Apache_Cayenne,AWeaXiq7C4KKKThcCnfr,2008-05-03 20:56:25,,
Apache_Cayenne,AWeaV1MFC4KKKThcCnfG,2008-05-03 20:39:32,,
Apache_Cayenne,AWeaUPIZC4KKKThcCncx,2008-05-03 19:41:49,,
Apache_Cayenne,AWeaSnvHC4KKKThcCncV,2008-05-03 14:25:25,,
Apache_Cayenne,AWeaRCEUC4KKKThcCnbz,2008-05-03 13:36:10,,
Apache_Cayenne,AWeaPauNC4KKKThcCnbX,2008-05-03 13:07:22,,
Apache_Cayenne,AWeaNt7XC4KKKThcCnY6,2008-05-03 12:23:18,,
Apache_Cayenne,AWeaMG2NC4KKKThcCnYZ,2008-05-03 12:21:36,,
Apache_Cayenne,AWeaKiFZC4KKKThcCnYB,2008-05-03 07:01:38,,
Apache_Cayenne,AWeaI8qJC4KKKThcCnXe,2008-05-02 19:43:36,,
Apache_Cayenne,AWeaHZ3bC4KKKThcCnXA,2008-04-30 12:58:41,,
Apache_Cayenne,AWeaF1SXC4KKKThcCnWi,2008-04-29 21:36:43,,
Apache_Cayenne,AWeaEMjzC4KKKThcCnV-,2008-04-29 21:27:24,,
Apache_Cayenne,AWeaCpA5C4KKKThcCnUY,2008-04-29 21:26:45,,
Apache_Cayenne,AWeaBFhDC4KKKThcCnTi,2008-04-29 21:25:24,,
Apache_Cayenne,AWeZ_eVgC4KKKThcCnTJ,2008-04-29 21:24:55,,
Apache_Cayenne,AWeZ95U4C4KKKThcCnSw,2008-04-27 12:41:59,,
Apache_Cayenne,AWeZ8TC3C4KKKThcCnR_,2008-04-26 17:18:00,,
Apache_Cayenne,AWeZ6scYC4KKKThcCnQ2,2008-04-25 20:32:01,,
Apache_Cayenne,AWeZ5HnMC4KKKThcCnQX,2008-04-25 20:19:33,,
Apache_Cayenne,AWeZ3hPXC4KKKThcCnPm,2008-04-24 20:54:30,,
Apache_Cayenne,AWeZ19EhC4KKKThcCnPG,2008-04-24 20:48:26,,
Apache_Cayenne,AWeZ0XFkC4KKKThcCnNk,2008-04-24 19:57:00,,
Apache_Cayenne,AWeZyq0fC4KKKThcCnNJ,2008-04-24 19:48:37,,
Apache_Cayenne,AWeZxEHCC4KKKThcCnMt,2008-04-24 19:47:14,,
Apache_Cayenne,AWeZvXeyC4KKKThcCnMP,2008-04-24 19:18:46,,
Apache_Cayenne,AWeZtsQ7C4KKKThcCnLf,2008-04-24 16:18:38,,
Apache_Cayenne,AWeZsEUMC4KKKThcCnBT,2008-04-23 12:54:08,,
Apache_Cayenne,AWeZqYg3C4KKKThcCnA9,2008-04-22 14:14:01,,
Apache_Cayenne,AWeZovSLC4KKKThcCnAS,2008-04-22 14:08:37,,
Apache_Cayenne,AWeZnA45C4KKKThcCm_7,2008-04-22 14:08:01,,
Apache_Cayenne,AWeZlSQ0C4KKKThcCm-c,2008-04-22 12:53:22,,
Apache_Cayenne,AWeZjbVuC4KKKThcCm9u,2008-04-22 07:44:02,,
Apache_Cayenne,AWeZhy20C4KKKThcCm82,2008-04-22 07:40:58,,
Apache_Cayenne,AWeZgPXTC4KKKThcCm8i,2008-04-22 07:35:19,,
Apache_Cayenne,AWeZer3UC4KKKThcCm8C,2008-04-22 07:34:37,,
Apache_Cayenne,AWeZdDH7C4KKKThcCm7F,2008-04-22 07:04:28,,
Apache_Cayenne,AWeZbb8OC4KKKThcCm6U,2008-04-17 20:51:29,,
Apache_Cayenne,AWeZZ8V1C4KKKThcCm0A,2008-04-17 20:50:02,,
Apache_Cayenne,AWeZYWUGC4KKKThcCmzf,2008-04-17 20:38:06,,
Apache_Cayenne,AWeZWvBtC4KKKThcCmy7,2008-04-17 20:18:55,,
Apache_Cayenne,AWeZVF-dC4KKKThcCmw7,2008-04-17 19:45:05,,
Apache_Cayenne,AWeZTcwGC4KKKThcCmwM,2008-04-17 19:37:20,,
Apache_Cayenne,AWeZR5NpC4KKKThcCmu7,2008-04-17 19:22:22,,
Apache_Cayenne,AWeZQOM7C4KKKThcCmuK,2008-04-17 18:36:42,,
Apache_Cayenne,AWeZOlQqC4KKKThcCmsh,2008-04-17 15:57:20,,
Apache_Cayenne,AWeZM9kHC4KKKThcCmr8,2008-04-17 13:26:17,,
Apache_Cayenne,AWeZLT0yC4KKKThcCmq-,2008-04-17 13:08:11,,
Apache_Cayenne,AWeZJq5NC4KKKThcCmqL,2008-04-17 13:03:19,,
Apache_Cayenne,AWeZIBZ0C4KKKThcCmpc,2008-04-16 21:23:17,,
Apache_Cayenne,AWeZGWzvC4KKKThcCmoW,2008-04-16 21:11:57,,
Apache_Cayenne,AWeZErpiC4KKKThcCmnl,2008-04-16 21:07:21,,
Apache_Cayenne,AWeZDJuLC4KKKThcCmmr,2008-04-16 10:39:02,,
Apache_Cayenne,AWeZBmBEC4KKKThcCml_,2008-04-16 10:18:08,,
Apache_Cayenne,AWeY_5OEC4KKKThcCmlW,2008-04-16 10:03:15,,
Apache_Cayenne,AWeY-NJmC4KKKThcCmkN,2008-04-13 18:12:28,,
Apache_Cayenne,AWeY8hSLC4KKKThcCmjB,2008-04-13 18:00:42,,
Apache_Cayenne,AWeY668PC4KKKThcCmiV,2008-04-13 17:52:03,,
Apache_Cayenne,AWeY5X78C4KKKThcCmhd,2008-04-11 22:07:06,,
Apache_Cayenne,AWeY3w81C4KKKThcCmgk,2008-04-11 21:53:13,,
Apache_Cayenne,AWeY2BawC4KKKThcCmf2,2008-04-11 21:44:25,,
Apache_Cayenne,AWeY0XWmC4KKKThcCmdm,2008-04-11 16:30:39,,
Apache_Cayenne,AWeYytQAC4KKKThcCmci,2008-04-11 16:26:11,,
Apache_Cayenne,AWeYxBmhC4KKKThcCmbm,2008-04-11 16:09:39,,
Apache_Cayenne,AWeYvWXgC4KKKThcCma1,2008-04-11 15:21:50,,
Apache_Cayenne,AWeYtygXC4KKKThcCmMK,2008-04-11 15:21:28,,
Apache_Cayenne,AWeYsESAC4KKKThcClbW,2008-04-11 14:57:02,,
Apache_Cayenne,AWeYqcPGC4KKKThcClaV,2008-04-11 13:31:44,,
Apache_Cayenne,AWeYozY_C4KKKThcClYt,2008-04-11 13:31:17,,
Apache_Cayenne,AWeYnI1LC4KKKThcClTb,2008-04-11 13:10:28,,
Apache_Cayenne,AWeYljohC4KKKThcClSk,2008-04-11 12:57:37,,
Apache_Cayenne,AWeYkAkHC4KKKThcClRd,2008-04-11 12:51:08,,
Apache_Cayenne,AWeYiXPXC4KKKThcClPt,2008-04-11 12:39:54,,
Apache_Cayenne,AWeYgwIyC4KKKThcClPA,2008-04-11 12:14:47,,
Apache_Cayenne,AWeYfH_uC4KKKThcClOQ,2008-04-11 11:46:30,,
Apache_Cayenne,AWeYdel_C4KKKThcClNH,2008-04-11 08:01:17,,
Apache_Cayenne,AWeYb3vWC4KKKThcClMJ,2008-04-10 15:09:01,,
Apache_Cayenne,AWeYaQ62C4KKKThcClLS,2008-04-07 11:20:46,,
Apache_Cayenne,AWeYYqNEC4KKKThcClKp,2008-04-07 11:10:39,,
Apache_Cayenne,AWeYXCEKC4KKKThcClJx,2008-03-31 01:14:03,,
Apache_Cayenne,AWeYVYrrC4KKKThcClIq,2008-03-30 12:14:10,,
Apache_Cayenne,AWeYTuowC4KKKThcClHF,2008-03-30 12:03:31,,
Apache_Cayenne,AWeYSGoYC4KKKThcClGJ,2008-03-30 11:43:05,,
Apache_Cayenne,AWeYQepyC4KKKThcClFV,2008-03-29 10:44:47,,
Apache_Cayenne,AWeYOyF1C4KKKThcClEV,2008-03-28 16:59:22,,
Apache_Cayenne,AWeYNGbEC4KKKThcCk-X,2008-03-28 16:56:55,,
Apache_Cayenne,AWeYLYI-C4KKKThcCk9Z,2008-03-28 16:19:21,,
Apache_Cayenne,AWeYJs9CC4KKKThcCk76,2008-03-28 16:14:53,,
Apache_Cayenne,AWeYH-FCC4KKKThcCk4p,2008-03-28 02:35:28,,
Apache_Cayenne,AWeYGP_jC4KKKThcCk2h,2008-03-24 22:28:20,,
Apache_Cayenne,AWeYEi7rC4KKKThcCk0n,2008-03-24 22:23:12,,
Apache_Cayenne,AWeYC23cC4KKKThcCkzG,2008-03-23 15:48:14,,
Apache_Cayenne,AWeYBICTC4KKKThcCkxO,2008-03-23 15:45:41,,
Apache_Cayenne,AWeX_bxRC4KKKThcCkvx,2008-03-23 15:04:58,,
Apache_Cayenne,AWeX9xuMC4KKKThcCkui,2008-03-23 15:04:00,,
Apache_Cayenne,AWeX7_YvC4KKKThcCktI,2008-03-22 21:31:30,,
Apache_Cayenne,AWeX6PPAC4KKKThcCksG,2008-03-16 15:31:54,,
Apache_Cayenne,AWeX4g6EC4KKKThcCkp7,2008-03-15 20:57:56,,
Apache_Cayenne,AWeX2z_xC4KKKThcCknC,2008-03-15 17:31:22,,
Apache_Cayenne,AWeX1IWLC4KKKThcCkl3,2008-03-15 10:45:45,,
Apache_Cayenne,AWeXzU5FC4KKKThcCkj_,2008-03-15 10:44:43,,
Apache_Cayenne,AWeXxqEhC4KKKThcCkiU,2008-03-14 21:14:13,,
Apache_Cayenne,AWeXv88GC4KKKThcCkhN,2008-03-14 21:13:46,,
Apache_Cayenne,AWeXuNy0C4KKKThcCke5,2008-03-09 21:35:17,,
Apache_Cayenne,AWeXsgnJC4KKKThcCkdB,2008-03-09 19:14:27,,
Apache_Cayenne,AWeXq0otC4KKKThcCkcD,2008-03-07 09:53:10,,
Apache_Cayenne,AWeXpG1RC4KKKThcCkaV,2008-03-06 13:17:22,,
Apache_Cayenne,AWeXnaETC4KKKThcCkUA,2008-03-06 13:13:41,,
Apache_Cayenne,AWeXlplTC4KKKThcCkSR,2008-03-06 10:45:26,,
Apache_Cayenne,AWeXj8c8C4KKKThcCkQG,2008-03-06 10:25:41,,
Apache_Cayenne,AWeXiPzXC4KKKThcCkOk,2008-03-05 22:21:58,,
Apache_Cayenne,AWeXggKXC4KKKThcCkLT,2008-03-05 22:21:01,,
Apache_Cayenne,AWeXey1tC4KKKThcCkJq,2008-03-05 22:18:44,,
Apache_Cayenne,AWeXdE9TC4KKKThcCkII,2008-03-05 22:16:04,,
Apache_Cayenne,AWeXbZehC4KKKThcCkGR,2008-03-05 21:33:06,,
Apache_Cayenne,AWeXZptWC4KKKThcCkFC,2008-03-02 18:19:22,,
Apache_Cayenne,AWeXX2-rC4KKKThcCkEB,2008-03-02 18:04:00,,
Apache_Cayenne,AWeXWFdcC4KKKThcCkCW,2008-03-02 17:22:01,,
Apache_Cayenne,AWeXUQ3TC4KKKThcCkAl,2008-03-02 16:05:54,,
Apache_Cayenne,AWeXSiJLC4KKKThcCj-4,2008-03-02 16:02:38,,
Apache_Cayenne,AWeXQyDrC4KKKThcCj9E,2008-03-02 16:02:00,,
Apache_Cayenne,AWeXO9fgC4KKKThcCj7e,2008-03-02 15:35:34,,
Apache_Cayenne,AWeXNMSvC4KKKThcCj50,2008-03-02 14:13:19,,
Apache_Cayenne,AWeXLb9XC4KKKThcCj2Y,2008-03-01 17:25:20,,
Apache_Cayenne,AWeXJsVdC4KKKThcCj1Q,2008-03-01 17:24:37,,
Apache_Cayenne,AWeXH4NyC4KKKThcCjy2,2008-03-01 15:47:26,,
Apache_Cayenne,AWeXGFTUC4KKKThcCjxU,2008-03-01 15:21:32,,
Apache_Cayenne,AWeXEV9XC4KKKThcCjvf,2008-03-01 12:29:25,,
Apache_Cayenne,AWeXCgzUC4KKKThcCjuS,2008-03-01 11:51:07,,
Apache_Cayenne,AWeXAs-AC4KKKThcCjr0,2008-03-01 11:41:24,,
Apache_Cayenne,AWeW-2PAC4KKKThcCjqi,2008-03-01 09:42:00,,
Apache_Cayenne,AWeW9C7CC4KKKThcCjoh,2008-02-29 10:59:48,,
Apache_Cayenne,AWeW7SC2C4KKKThcCjlw,2008-02-29 10:42:53,,
Apache_Cayenne,AWeW5fUhC4KKKThcCjho,2008-02-27 21:11:57,,
Apache_Cayenne,AWeW3qKXC4KKKThcCjew,2008-02-27 20:49:37,,
Apache_Cayenne,AWeW14TdC4KKKThcCjc0,2008-02-27 19:58:43,,
Apache_Cayenne,AWeW0DZ6C4KKKThcCja3,2008-02-25 17:15:09,,
Apache_Cayenne,AWeWyVD2C4KKKThcCjX0,2008-02-25 17:08:22,,
Apache_Cayenne,AWeWwit1C4KKKThcCjU4,2008-02-25 08:47:22,,
Apache_Cayenne,AWeWuyKMC4KKKThcCjQL,2008-02-24 16:06:44,,
Apache_Cayenne,AWeWtAUDC4KKKThcCjOp,2008-02-24 12:05:42,,
Apache_Cayenne,AWeWrJhDC4KKKThcCjMn,2008-02-24 11:58:16,,
Apache_Cayenne,AWeWpZCBC4KKKThcCjLM,2008-02-23 17:19:14,,
Apache_Cayenne,AWeWnm-MC4KKKThcCjI4,2008-02-23 17:16:32,,
Apache_Cayenne,AWeWl0jJC4KKKThcCjHY,2008-02-23 17:02:06,,
Apache_Cayenne,AWeWkA5kC4KKKThcCjFN,2008-02-23 16:09:45,,
Apache_Cayenne,AWeWiR1FC4KKKThcCjBc,2008-02-23 15:34:17,,
Apache_Cayenne,AWeWgfL1C4KKKThcCi8F,2008-02-20 21:17:34,,
Apache_Cayenne,AWeWet5hC4KKKThcCi6E,2008-02-20 21:16:58,,
Apache_Cayenne,AWeWc5xYC4KKKThcCi2Y,2008-02-19 00:02:53,,
Apache_Cayenne,AWeWbH2CC4KKKThcCizq,2008-02-12 17:06:19,,
Apache_Cayenne,AWeWZVN_C4KKKThcCixE,2008-02-12 16:49:31,,
Apache_Cayenne,AWeWXnBSC4KKKThcCir_,2008-02-12 16:30:27,,
Apache_Cayenne,AWeWV8OyC4KKKThcCipU,2008-02-12 16:30:12,,
Apache_Cayenne,AWeWUOKXC4KKKThcCimi,2008-02-12 16:28:32,,
Apache_Cayenne,AWeWSdItC4KKKThcCigR,2008-02-09 14:11:27,,
Apache_Cayenne,AWeWQvgIC4KKKThcCie6,2008-02-09 14:10:25,,
Apache_Cayenne,AWeWPBXyC4KKKThcCiTF,2008-02-09 14:08:54,,
Apache_Cayenne,AWeWNSB4C4KKKThcCiL6,2008-02-09 14:00:47,,
Apache_Cayenne,AWeWLkOVC4KKKThcCiFj,2008-02-07 12:19:52,,
Apache_Cayenne,AWeWJ1VIC4KKKThcCiEQ,2008-02-06 21:58:55,,
Apache_Cayenne,AWeWIJXzC4KKKThcCiCg,2008-02-04 12:58:26,,
Apache_Cayenne,AWeWGcp2C4KKKThcCiAi,2008-02-03 22:51:13,,
Apache_Cayenne,AWeWErlnC4KKKThcCh-j,2008-02-03 22:42:14,,
Apache_Cayenne,AWeWC_DRC4KKKThcCh7r,2008-02-03 22:04:28,,
Apache_Cayenne,AWeWBSW-C4KKKThcCh3C,2008-02-03 21:42:14,,
Apache_Cayenne,AWeV_i4MC4KKKThcChwt,2008-02-03 20:41:16,,
Apache_Cayenne,AWeV9m3KC4KKKThcChvE,2008-02-03 17:01:39,,
Apache_Cayenne,AWeV72TKC4KKKThcChjN,2008-02-02 18:28:43,,
Apache_Cayenne,AWeV6HQDC4KKKThcChdh,2008-02-02 12:23:38,,
Apache_Cayenne,AWeV4XquC4KKKThcChXh,2008-01-30 21:33:21,,
Apache_Cayenne,AWeV2rqkC4KKKThcChVu,2008-01-30 21:11:03,,
Apache_Cayenne,AWeV08IJC4KKKThcChUO,2008-01-30 21:05:04,,
Apache_Cayenne,AWeVzPueC4KKKThcChRq,2008-01-30 04:47:07,,
Apache_Cayenne,AWeVxcXnC4KKKThcChP3,2008-01-30 03:41:48,,
Apache_Cayenne,AWeVvu9GC4KKKThcChN9,2008-01-30 02:13:21,,
Apache_Cayenne,AWeVt9M-C4KKKThcChL3,2008-01-30 02:12:39,,
Apache_Cayenne,AWeVsOLBC4KKKThcChGz,2008-01-30 00:57:42,,
Apache_Cayenne,AWeVqca-C4KKKThcChFC,2008-01-30 00:04:37,,
Apache_Cayenne,AWeVotuAC4KKKThcCg_m,2008-01-29 23:29:58,,
Apache_Cayenne,AWeVm_aiC4KKKThcCg9P,2008-01-29 23:29:29,,
Apache_Cayenne,AWeVlMxLC4KKKThcCg7n,2008-01-29 22:07:06,,
Apache_Cayenne,AWeVjfKgC4KKKThcCg6L,2008-01-29 21:56:09,,
Apache_Cayenne,AWeVhwtTC4KKKThcCg1x,2008-01-29 21:39:14,,
Apache_Cayenne,AWeVgE37C4KKKThcCg0b,2008-01-29 21:31:26,,
Apache_Cayenne,AWeVeTdNC4KKKThcCguX,2008-01-29 21:21:03,,
Apache_Cayenne,AWeVcgiwC4KKKThcCgs7,2008-01-29 16:17:55,,
Apache_Cayenne,AWeVa0RKC4KKKThcCgrb,2008-01-29 16:17:30,,
Apache_Cayenne,AWeVZGaBC4KKKThcCgpi,2008-01-29 15:18:35,,
Apache_Cayenne,AWeVXUnzC4KKKThcCgnk,2008-01-29 14:37:08,,
Apache_Cayenne,AWeVVmZdC4KKKThcCgeQ,2008-01-26 00:19:06,,
Apache_Cayenne,AWeVT0wRC4KKKThcCgcX,2008-01-25 23:55:54,,
Apache_Cayenne,AWeVSHRIC4KKKThcCgaf,2008-01-23 15:09:21,,
Apache_Cayenne,AWeVQZvOC4KKKThcCgYx,2008-01-23 14:31:01,,
Apache_Cayenne,AWeVOoa5C4KKKThcCgWa,2008-01-23 11:08:39,,
Apache_Cayenne,AWeVM4p6C4KKKThcCgUb,2008-01-23 08:24:22,,
Apache_Cayenne,AWeVLHt3C4KKKThcCgSh,2008-01-23 00:20:14,,
Apache_Cayenne,AWeVJX8yC4KKKThcCgQd,2008-01-23 00:00:30,,
Apache_Cayenne,AWeVHoHZC4KKKThcCgLw,2008-01-22 22:15:28,,
Apache_Cayenne,AWeVF4TLC4KKKThcCgJr,2008-01-22 14:59:20,,
Apache_Cayenne,AWeVEJxRC4KKKThcCgHQ,2008-01-22 00:45:06,,
Apache_Cayenne,AWeVCXTTC4KKKThcCgFf,2008-01-21 22:12:08,,
Apache_Cayenne,AWeVAlMSC4KKKThcCf79,2008-01-21 13:37:26,,
Apache_Cayenne,AWeU-ylBC4KKKThcCf5x,2008-01-21 04:20:44,,
Apache_Cayenne,AWeU9BwsC4KKKThcCf4U,2008-01-21 03:56:30,,
Apache_Cayenne,AWeU7MdPC4KKKThcCf1q,2008-01-21 03:54:40,,
Apache_Cayenne,AWeU5ZYrC4KKKThcCfv8,2008-01-21 03:28:42,,
Apache_Cayenne,AWeU3mAJC4KKKThcCfs4,2008-01-21 03:27:26,,
Apache_Cayenne,AWeU1ye-C4KKKThcCfnp,2008-01-21 03:23:05,,
Apache_Cayenne,AWeUz7uUC4KKKThcCfkw,2008-01-21 00:01:05,,
Apache_Cayenne,AWeUyMszC4KKKThcCfiv,2008-01-20 18:24:41,,
Apache_Cayenne,AWeUwXEDC4KKKThcCfgp,2008-01-20 17:24:46,,
Apache_Cayenne,AWeUukaXC4KKKThcCfWX,2008-01-20 17:24:36,,
Apache_Cayenne,AWeUszMDC4KKKThcCfSA,2008-01-20 01:04:27,,
Apache_Cayenne,AWeUrBfYC4KKKThcCfQu,2008-01-20 00:42:35,,
Apache_Cayenne,AWeUpIU_C4KKKThcCfKA,2008-01-20 00:34:28,,
Apache_Cayenne,AWeUnVuWC4KKKThcCfId,2008-01-19 23:29:45,,
Apache_Cayenne,AWeUll98C4KKKThcCfEJ,2008-01-19 23:08:54,,
Apache_Cayenne,AWeUj1r2C4KKKThcCfCp,2008-01-19 23:06:50,,
Apache_Cayenne,AWeUiAAgC4KKKThcCe6f,2008-01-19 21:20:52,,
Apache_Cayenne,AWeUgPCrC4KKKThcCe16,2008-01-19 20:09:46,,
Apache_Cayenne,AWeUedFuC4KKKThcCezj,2008-01-18 14:23:57,,
Apache_Cayenne,AWeUco1kC4KKKThcCexk,2008-01-18 07:40:01,,
Apache_Cayenne,AWeUa5voC4KKKThcCevw,2008-01-16 13:45:24,,
Apache_Cayenne,AWeUZIvXC4KKKThcCeuS,2008-01-16 13:13:29,,
Apache_Cayenne,AWeUXZNiC4KKKThcCemB,2008-01-16 13:00:40,,
Apache_Cayenne,AWeUVribC4KKKThcCegi,2008-01-16 09:29:22,,
Apache_Cayenne,AWeUT4cwC4KKKThcCeel,2008-01-16 09:28:26,,
Apache_Cayenne,AWeUSDCIC4KKKThcCeb2,2008-01-16 08:17:08,,
Apache_Cayenne,AWeUQSzEC4KKKThcCeYR,2008-01-16 08:13:59,,
Apache_Cayenne,AWeUOmaKC4KKKThcCeNy,2008-01-15 22:23:49,,
Apache_Cayenne,AWeUM1FXC4KKKThcCeKY,2008-01-15 22:22:25,,
Apache_Cayenne,AWeULE8kC4KKKThcCeGW,2008-01-15 22:10:46,,
Apache_Cayenne,AWeUJSibC4KKKThcCeDW,2008-01-15 20:23:50,,
Apache_Cayenne,AWeUHggcC4KKKThcCeBZ,2008-01-14 22:04:39,,
Apache_Cayenne,AWeUFs13C4KKKThcCd_Q,2008-01-13 21:35:44,,
Apache_Cayenne,AWeUD4xpC4KKKThcCd5G,2008-01-13 15:48:49,,
Apache_Cayenne,AWeUCIrdC4KKKThcCd0_,2008-01-13 15:47:39,,
Apache_Cayenne,AWeUAXZ4C4KKKThcCdzI,2008-01-13 15:46:28,,
Apache_Cayenne,AWeT-mB3C4KKKThcCdtH,2008-01-12 09:52:01,,
Apache_Cayenne,AWeT81TeC4KKKThcCdng,2008-01-12 08:24:25,,
Apache_Cayenne,AWeT7HJfC4KKKThcCdl3,2008-01-12 08:15:00,,
Apache_Cayenne,AWeT5XZ8C4KKKThcCdjO,2008-01-08 13:05:52,,
Apache_Cayenne,AWeT3j5oC4KKKThcCdeI,2008-01-08 12:26:23,,
Apache_Cayenne,AWeT1wnIC4KKKThcCda1,2008-01-08 12:25:20,,
Apache_Cayenne,AWeT0D8WC4KKKThcCdON,2008-01-08 11:29:47,,
Apache_Cayenne,AWeTyU43C4KKKThcCdMS,2008-01-06 23:22:29,,
Apache_Cayenne,AWeTwlOeC4KKKThcCc_3,2008-01-06 21:28:35,,
Apache_Cayenne,AWeTu2MKC4KKKThcCc8N,2008-01-06 21:26:59,,
Apache_Cayenne,AWeTtGHRC4KKKThcCc4n,2008-01-06 21:06:00,,
Apache_Cayenne,AWeTrWErC4KKKThcCc1v,2008-01-06 20:27:08,,
Apache_Cayenne,AWeTpnnDC4KKKThcCczn,2008-01-06 20:06:25,,
Apache_Cayenne,AWeTn0ipC4KKKThcCcxi,2008-01-06 19:03:19,,
Apache_Cayenne,AWeTmJN_C4KKKThcCcvz,2008-01-06 18:56:45,,
Apache_Cayenne,AWeTkY9QC4KKKThcCcuF,2008-01-06 18:40:13,,
Apache_Cayenne,AWeTip2TC4KKKThcCcsN,2008-01-06 18:14:43,,
Apache_Cayenne,AWeTg7CkC4KKKThcCcqN,2008-01-06 18:10:22,,
Apache_Cayenne,AWeTfOocC4KKKThcCckA,2008-01-06 18:07:59,,
Apache_Cayenne,AWeTddCvC4KKKThcCceK,2008-01-06 16:50:09,,
Apache_Cayenne,AWeTbsn1C4KKKThcCccJ,2008-01-06 16:49:51,,
Apache_Cayenne,AWeTZ9x7C4KKKThcCcZw,2008-01-06 16:18:47,,
Apache_Cayenne,AWeTYPAiC4KKKThcCcYP,2008-01-06 15:39:07,,
Apache_Cayenne,AWeTWf13C4KKKThcCcSP,2008-01-06 14:49:09,,
Apache_Cayenne,AWeTUx-QC4KKKThcCcK-,2008-01-06 13:23:55,,
Apache_Cayenne,AWeTTDCtC4KKKThcCcCS,2008-01-05 23:48:06,,
Apache_Cayenne,AWeTRT5QC4KKKThcCb_u,2008-01-05 23:16:04,,
Apache_Cayenne,AWeTPjgmC4KKKThcCb94,2008-01-05 22:26:18,,
Apache_Cayenne,AWeTNzAzC4KKKThcCb8Q,2008-01-05 22:25:17,,
Apache_Cayenne,AWeTMBbEC4KKKThcCb5U,2008-01-05 21:44:16,,
Apache_Cayenne,AWeTKSyWC4KKKThcCb3k,2008-01-05 20:52:37,,
Apache_Cayenne,AWeTIg3GC4KKKThcCb1D,2008-01-05 20:37:48,,
Apache_Cayenne,AWeTGx-XC4KKKThcCby6,2008-01-05 20:33:03,,
Apache_Cayenne,AWeTFDEmC4KKKThcCbxQ,2008-01-05 20:17:50,,
Apache_Cayenne,AWeTDOBVC4KKKThcCbp0,2008-01-05 19:22:45,,
Apache_Cayenne,AWeTBfVnC4KKKThcCbnB,2008-01-05 17:18:57,,
Apache_Cayenne,AWeS_vvfC4KKKThcCbgV,2008-01-05 17:09:52,,
Apache_Cayenne,AWeS-BNpC4KKKThcCbdN,2008-01-05 16:32:12,,
Apache_Cayenne,AWeS8TsfC4KKKThcCbY8,2008-01-05 15:56:34,,
Apache_Cayenne,AWeS6ke3C4KKKThcCbUv,2008-01-05 15:46:16,,
Apache_Cayenne,AWeS4135C4KKKThcCbQP,2008-01-05 15:05:15,,
Apache_Cayenne,AWeS3F3XC4KKKThcCbME,2008-01-05 12:40:57,,
Apache_Cayenne,AWeS1X7BC4KKKThcCbKD,2008-01-05 12:34:44,,
Apache_Cayenne,AWeSzp35C4KKKThcCbIE,2008-01-05 12:24:05,,
Apache_Cayenne,AWeSx68hC4KKKThcCbD9,2008-01-03 09:55:36,,
Apache_Cayenne,AWeSwH8wC4KKKThcCbBe,2008-01-03 09:47:38,,
Apache_Cayenne,AWeSuWpeC4KKKThcCa8-,2008-01-02 23:10:25,,
Apache_Cayenne,AWeSsm3xC4KKKThcCa3K,2008-01-02 21:26:15,,
Apache_Cayenne,AWeSq5uGC4KKKThcCaxR,2008-01-02 01:03:52,,
Apache_Cayenne,AWeSpKUbC4KKKThcCatT,2007-12-30 21:02:36,,
Apache_Cayenne,AWeSndDnC4KKKThcCarX,2007-12-29 16:07:06,,
Apache_Cayenne,AWeSlu-mC4KKKThcCapL,2007-12-28 18:08:56,,
Apache_Cayenne,AWeSkCMOC4KKKThcCanQ,2007-12-28 18:08:29,,
Apache_Cayenne,AWeSiSPJC4KKKThcCahW,2007-12-28 13:09:53,,
Apache_Cayenne,AWeSgjHoC4KKKThcCacj,2007-12-27 13:37:01,,
Apache_Cayenne,AWeSexhlC4KKKThcCaXX,2007-12-27 12:16:05,,
Apache_Cayenne,AWeSc9ngC4KKKThcCaVk,2007-12-27 11:12:03,,
Apache_Cayenne,AWeSbG_0C4KKKThcCaSq,2007-12-26 12:48:34,,
Apache_Cayenne,AWeSZaX_C4KKKThcCaQV,2007-12-26 12:14:35,,
Apache_Cayenne,AWeSXupKC4KKKThcCaI7,2007-12-26 12:13:31,,
Apache_Cayenne,AWeSWCWzC4KKKThcCaHR,2007-12-26 11:55:07,,
Apache_Cayenne,AWeSUOjzC4KKKThcCaAv,2007-12-26 11:40:20,,
Apache_Cayenne,AWeSSXeEC4KKKThcCZ-K,2007-12-26 11:38:00,,
Apache_Cayenne,AWeSQmdFC4KKKThcCZ6p,2007-12-26 11:31:24,,
Apache_Cayenne,AWeSO76dC4KKKThcCZ43,2007-12-26 11:11:44,,
Apache_Cayenne,AWeSNGeKC4KKKThcCZ1-,2007-12-25 22:46:49,,
Apache_Cayenne,AWeSLO4wC4KKKThcCZws,2007-12-25 22:11:40,,
Apache_Cayenne,AWeSJgv8C4KKKThcCZub,2007-12-25 22:01:59,,
Apache_Cayenne,AWeSHrh-C4KKKThcCZsz,2007-12-24 19:26:51,,
Apache_Cayenne,AWeSF3MMC4KKKThcCZqj,2007-12-24 19:21:56,,
Apache_Cayenne,AWeSELNAC4KKKThcCZlO,2007-12-24 19:10:08,,
Apache_Cayenne,AWeSCW4gC4KKKThcCZjA,2007-12-24 18:33:30,,
Apache_Cayenne,AWeSAidjC4KKKThcCZgD,2007-12-24 18:05:00,,
Apache_Cayenne,AWeR-ynUC4KKKThcCZdW,2007-12-24 17:35:24,,
Apache_Cayenne,AWeR9DdkC4KKKThcCZZ2,2007-12-24 17:17:27,,
Apache_Cayenne,AWeR7FxZC4KKKThcCZUw,2007-12-24 00:08:38,,
Apache_Cayenne,AWeR5RieC4KKKThcCZQS,2007-12-24 00:04:45,,
Apache_Cayenne,AWeR3isvC4KKKThcCZOn,2007-12-23 23:49:37,,
Apache_Cayenne,AWeR1wWDC4KKKThcCZMp,2007-12-23 23:48:44,,
Apache_Cayenne,AWeR0GrqC4KKKThcCZLF,2007-12-23 22:12:07,,
Apache_Cayenne,AWeRyae0C4KKKThcCZJT,2007-12-23 21:10:57,,
Apache_Cayenne,AWeRwk2VC4KKKThcCZHd,2007-12-23 21:08:13,,
Apache_Cayenne,AWeRuvFEC4KKKThcCZFW,2007-12-23 21:02:04,,
Apache_Cayenne,AWeRs961C4KKKThcCZC8,2007-12-23 20:09:36,,
Apache_Cayenne,AWeRrGi4C4KKKThcCZAz,2007-12-23 20:03:54,,
Apache_Cayenne,AWeRpZzTC4KKKThcCY-R,2007-12-23 20:02:47,,
Apache_Cayenne,AWeRnmARC4KKKThcCY7C,2007-12-23 19:51:08,,
Apache_Cayenne,AWeRlzCMC4KKKThcCY4k,2007-12-23 19:34:07,,
Apache_Cayenne,AWeRkCbwC4KKKThcCY2G,2007-12-23 17:29:18,,
Apache_Cayenne,AWeRiQzkC4KKKThcCYwx,2007-12-23 17:14:52,,
Apache_Cayenne,AWeRgjLsC4KKKThcCYuS,2007-12-23 16:47:47,,
Apache_Cayenne,AWeRe2SPC4KKKThcCXro,2007-12-23 16:34:56,,
Apache_Cayenne,AWeRdKijC4KKKThcCXpI,2007-12-23 16:16:10,,
Apache_Cayenne,AWeRbZseC4KKKThcCXnD,2007-12-23 15:53:51,,
Apache_Cayenne,AWeRZs-AC4KKKThcCXj1,2007-12-23 15:44:26,,
Apache_Cayenne,AWeRX7r8C4KKKThcCXgu,2007-12-23 11:07:03,,
Apache_Cayenne,AWeRWKE0C4KKKThcCXXJ,2007-12-23 10:56:20,,
Apache_Cayenne,AWeRUcEvC4KKKThcCW4h,2007-12-23 10:41:55,,
Apache_Cayenne,AWeRSohBC4KKKThcCW1d,2007-12-22 22:00:20,,
Apache_Cayenne,AWeRQ5bdC4KKKThcCWy9,2007-12-22 20:46:24,,
Apache_Cayenne,AWeRPC2rC4KKKThcCWxY,2007-12-22 20:24:22,,
Apache_Cayenne,AWeRNO1LC4KKKThcCWvR,2007-12-22 20:14:39,,
Apache_Cayenne,AWeRLefJC4KKKThcCWtA,2007-12-22 17:41:15,,
Apache_Cayenne,AWeRJu91C4KKKThcCWq1,2007-12-22 17:34:28,,
Apache_Cayenne,AWeRH5dhC4KKKThcCWn7,2007-12-22 17:33:16,,
Apache_Cayenne,AWeRGC1VC4KKKThcCWlr,2007-12-22 17:30:28,,
Apache_Cayenne,AWeRENBJC4KKKThcCWj-,2007-12-22 17:15:04,,
Apache_Cayenne,AWeRCb-mC4KKKThcCWhl,2007-12-22 17:13:43,,
Apache_Cayenne,AWeRAouxC4KKKThcCWeY,2007-12-22 16:45:23,,
Apache_Cayenne,AWeQ-3zTC4KKKThcCWab,2007-12-22 10:27:22,,
Apache_Cayenne,AWeQ9GeEC4KKKThcCWYQ,2007-12-22 09:26:13,,
Apache_Cayenne,AWeQ7a7MC4KKKThcCWV2,2007-12-22 09:08:04,,
Apache_Cayenne,AWeQ5rgJC4KKKThcCWTM,2007-12-21 13:43:17,,
Apache_Cayenne,AWeQ32qUC4KKKThcCWOi,2007-12-21 13:29:05,,
Apache_Cayenne,AWeQ2JDGC4KKKThcCWK7,2007-12-20 18:36:50,,
Apache_Cayenne,AWeQ0VTvC4KKKThcCWIc,2007-12-20 18:06:56,,
Apache_Cayenne,AWeQygSbC4KKKThcCWEC,2007-12-20 17:48:22,,
Apache_Cayenne,AWeQwuNEC4KKKThcCV9U,2007-12-20 14:33:45,,
Apache_Cayenne,AWeQu7u_C4KKKThcCV7n,2007-12-20 14:27:34,,
Apache_Cayenne,AWeQtGMQC4KKKThcCV5i,2007-12-20 09:58:50,,
Apache_Cayenne,AWeQrZdeC4KKKThcCV3x,2007-12-20 09:44:30,,
Apache_Cayenne,AWeQpkObC4KKKThcCV1z,2007-12-20 05:21:47,,
Apache_Cayenne,AWeQn0uyC4KKKThcCV0H,2007-12-20 00:09:37,,
Apache_Cayenne,AWeQl9E0C4KKKThcCVub,2007-12-20 00:08:08,,
Apache_Cayenne,AWeQkOwLC4KKKThcCVqU,2007-12-20 00:06:27,,
Apache_Cayenne,AWeQiaYvC4KKKThcCVnf,2007-12-19 22:14:21,,
Apache_Cayenne,AWeQgovhC4KKKThcCVkm,2007-12-19 15:54:39,,
Apache_Cayenne,AWeQezDmC4KKKThcCVg3,2007-12-19 15:15:38,,
Apache_Cayenne,AWeQdEm4C4KKKThcCVfI,2007-12-19 15:15:11,,
Apache_Cayenne,AWeQbTZdC4KKKThcCVcs,2007-12-19 14:53:20,,
Apache_Cayenne,AWeQZmC1C4KKKThcCVa-,2007-12-18 20:27:16,,
Apache_Cayenne,AWeQX3qDC4KKKThcCUgm,2007-12-18 12:57:39,,
Apache_Cayenne,AWeQWIymC4KKKThcCTnL,2007-12-18 12:03:09,,
Apache_Cayenne,AWeQUWTSC4KKKThcCTgv,2007-12-18 11:01:13,,
Apache_Cayenne,AWeQSlFIC4KKKThcCTeS,2007-12-18 10:56:55,,
Apache_Cayenne,AWeQQxzjC4KKKThcCTaK,2007-12-18 10:56:04,,
Apache_Cayenne,AWeQPCzrC4KKKThcCTWO,2007-12-17 21:53:16,,
Apache_Cayenne,AWeQNLqXC4KKKThcCTTK,2007-12-17 21:51:58,,
Apache_Cayenne,AWeQLZQUC4KKKThcCTQG,2007-12-17 20:46:04,,
Apache_Cayenne,AWeQJpwWC4KKKThcCTNO,2007-12-17 12:51:42,,
Apache_Cayenne,AWeQH9VhC4KKKThcCTKq,2007-12-17 11:52:52,,
Apache_Cayenne,AWeQGOYtC4KKKThcCTF2,2007-12-17 11:33:56,,
Apache_Cayenne,AWeQEXGeC4KKKThcCTCV,2007-12-17 11:11:32,,
Apache_Cayenne,AWeQClgXC4KKKThcCS9q,2007-12-17 09:46:14,,
Apache_Cayenne,AWeQA46CC4KKKThcCS7M,2007-12-16 23:28:23,,
Apache_Cayenne,AWeP_F5pC4KKKThcCS41,2007-12-16 23:25:01,,
Apache_Cayenne,AWeP9YJ7C4KKKThcCS2B,2007-12-16 22:38:13,,
Apache_Cayenne,AWeP7n6nC4KKKThcCSzy,2007-12-16 22:19:40,,
Apache_Cayenne,AWeP50IrC4KKKThcCSwL,2007-12-16 21:55:10,,
Apache_Cayenne,AWeP4D0CC4KKKThcCSr2,2007-12-16 21:46:43,,
Apache_Cayenne,AWeP2EpHC4KKKThcCSpH,2007-12-16 21:32:53,,
Apache_Cayenne,AWeP0UomC4KKKThcCSni,2007-12-16 21:16:56,,
Apache_Cayenne,AWePyhlPC4KKKThcCSlG,2007-12-16 21:15:33,,
Apache_Cayenne,AWePwyS9C4KKKThcCSe9,2007-12-16 21:09:52,,
Apache_Cayenne,AWePvB0mC4KKKThcCSRn,2007-12-16 20:59:36,,
Apache_Cayenne,AWePtS71C4KKKThcCSPw,2007-12-16 20:09:53,,
Apache_Cayenne,AWePriVaC4KKKThcCSIU,2007-12-16 19:02:18,,
Apache_Cayenne,AWePpzYsC4KKKThcCSBH,2007-12-16 16:50:04,,
Apache_Cayenne,AWePoAu-C4KKKThcCR8E,2007-12-16 16:42:39,,
Apache_Cayenne,AWePmUnZC4KKKThcCR3A,2007-12-16 11:58:47,,
Apache_Cayenne,AWePknKXC4KKKThcCRzA,2007-12-16 10:37:39,,
Apache_Cayenne,AWePi6WfC4KKKThcCRu4,2007-12-14 16:27:43,,
Apache_Cayenne,AWePhMH4C4KKKThcCRsk,2007-12-11 15:40:28,,
Apache_Cayenne,AWePfZK-C4KKKThcCRpp,2007-12-11 15:38:35,,
Apache_Cayenne,AWePdpo8C4KKKThcCRjb,2007-12-11 15:22:59,,
Apache_Cayenne,AWePb9afC4KKKThcCRhO,2007-12-11 15:20:48,,
Apache_Cayenne,AWePaLD2C4KKKThcCRe0,2007-12-11 08:01:38,,
Apache_Cayenne,AWePYfW0C4KKKThcCRZC,2007-12-10 12:09:39,,
Apache_Cayenne,AWePWw24C4KKKThcCRV8,2007-12-10 10:12:21,,
Apache_Cayenne,AWePU_0rC4KKKThcCRQF,2007-12-10 08:42:53,,
Apache_Cayenne,AWePTUBgC4KKKThcCQaG,2007-12-10 08:34:15,,
Apache_Cayenne,AWePRjvjC4KKKThcCQWS,2007-12-10 07:38:56,,
Apache_Cayenne,AWePP3GEC4KKKThcCQTu,2007-12-10 02:56:46,,
Apache_Cayenne,AWePOKfJC4KKKThcCQM9,2007-12-09 23:49:16,,
Apache_Cayenne,AWePMV5XC4KKKThcCQId,2007-12-09 23:46:31,,
Apache_Cayenne,AWePKoVhC4KKKThcCQFZ,2007-12-09 22:59:44,,
Apache_Cayenne,AWePI7nDC4KKKThcCQDD,2007-12-09 22:44:09,,
Apache_Cayenne,AWePHJfNC4KKKThcCP9x,2007-12-09 22:35:51,,
Apache_Cayenne,AWePFY1iC4KKKThcCP7h,2007-12-09 22:31:26,,
Apache_Cayenne,AWePDktBC4KKKThcCP4l,2007-12-09 22:30:30,,
Apache_Cayenne,AWePB0RRC4KKKThcCP2d,2007-12-09 22:29:12,,
Apache_Cayenne,AWePAFAbC4KKKThcCPCC,2007-12-09 22:10:17,,
Apache_Cayenne,AWeO-UISC4KKKThcCOLV,2007-12-09 21:29:16,,
Apache_Cayenne,AWeO8felC4KKKThcCOIB,2007-12-09 14:27:06,,
Apache_Cayenne,AWeO6zhLC4KKKThcCNjN,2007-12-09 14:03:42,,
Apache_Cayenne,AWeO5DEpC4KKKThcCMuN,2007-12-09 13:33:43,,
Apache_Cayenne,AWeO3VtLC4KKKThcCMr7,2007-12-09 13:02:45,,
Apache_Cayenne,AWeO1lOFC4KKKThcCMp6,2007-12-08 15:32:40,,
Apache_Cayenne,AWeOzzM-C4KKKThcCMlZ,2007-12-08 12:52:51,,
Apache_Cayenne,AWeOyF65C4KKKThcCMbz,2007-12-07 22:37:09,,
Apache_Cayenne,AWeOwSfGC4KKKThcCL2r,2007-12-07 22:26:10,,
Apache_Cayenne,AWeOuoKbC4KKKThcCL0Q,2007-12-07 22:22:00,,
Apache_Cayenne,AWeOs2DLC4KKKThcCLxo,2007-12-07 22:13:38,,
Apache_Cayenne,AWeOrFVYC4KKKThcCLny,2007-12-07 21:51:37,,
Apache_Cayenne,AWeOpRjZC4KKKThcCLj9,2007-12-07 21:45:17,,
Apache_Cayenne,AWeOng4dC4KKKThcCLdZ,2007-12-07 21:32:12,,
Apache_Cayenne,AWeOl2EAC4KKKThcCLZX,2007-12-07 15:37:07,,
Apache_Cayenne,AWeOkLT8C4KKKThcCLVR,2007-12-07 12:04:17,,
Apache_Cayenne,AWeOibm9C4KKKThcCLSx,2007-12-07 11:54:18,,
Apache_Cayenne,AWeOgiKSC4KKKThcCLOr,2007-12-04 22:43:22,,
Apache_Cayenne,AWeOevmOC4KKKThcCLKv,2007-12-04 22:28:59,,
Apache_Cayenne,AWeOdEvmC4KKKThcCLIP,2007-12-04 22:24:24,,
Apache_Cayenne,AWeObawJC4KKKThcCLGF,2007-12-04 22:23:44,,
Apache_Cayenne,AWeOZxCaC4KKKThcCKRO,2007-12-04 20:45:29,,
Apache_Cayenne,AWeOYD8eC4KKKThcCJcK,2007-12-04 20:43:59,,
Apache_Cayenne,AWeOWUb-C4KKKThcCIoH,2007-12-04 20:43:28,,
Apache_Cayenne,AWeOUmSkC4KKKThcCGf1,2007-12-04 20:28:09,,
Apache_Cayenne,AWeOS6VpC4KKKThcCGc4,2007-12-04 20:27:33,,
Apache_Cayenne,AWeOROg1C4KKKThcCGa3,2007-12-04 19:58:55,,
Apache_Cayenne,AWeOPewlC4KKKThcCGY_,2007-12-04 18:50:21,,
Apache_Cayenne,AWeONyvBC4KKKThcCFod,2007-12-03 23:08:46,,
Apache_Cayenne,AWeOMEEPC4KKKThcCFmT,2007-12-02 23:58:59,,
Apache_Cayenne,AWeOKUQbC4KKKThcCFjY,2007-12-02 23:58:29,,
Apache_Cayenne,AWeOInk7C4KKKThcCFg6,2007-12-02 22:55:07,,
Apache_Cayenne,AWeOG6xdC4KKKThcCE0n,2007-12-02 22:44:53,,
Apache_Cayenne,AWeOFE2UC4KKKThcCEU4,2007-12-02 22:19:53,,
Apache_Cayenne,AWeODSGZC4KKKThcCESE,2007-12-02 19:26:09,,
Apache_Cayenne,AWeOBgJfC4KKKThcCEPH,2007-12-02 17:47:31,,
Apache_Cayenne,AWeN_sg6C4KKKThcCEJj,2007-12-02 17:15:25,,
Apache_Cayenne,AWeN96ZYC4KKKThcCECo,2007-12-02 13:16:16,,
Apache_Cayenne,AWeN8EunC4KKKThcCDfO,2007-12-02 13:14:48,,
Apache_Cayenne,AWeN6ROWC4KKKThcCDbU,2007-12-02 13:13:13,,
Apache_Cayenne,AWeN4cvdC4KKKThcCCHw,2007-12-02 13:09:56,,
Apache_Cayenne,AWeN2qohC4KKKThcCBlE,2007-12-02 12:51:43,,
Apache_Cayenne,AWeN06q1C4KKKThcCBdK,2007-12-02 12:40:57,,
Apache_Cayenne,AWeNzOzKC4KKKThcCBar,2007-12-02 12:36:47,,
Apache_Cayenne,AWeNxbCtC4KKKThcCA6j,2007-12-01 18:12:18,,
Apache_Cayenne,AWeNvjUIC4KKKThcCA3u,2007-12-01 16:49:22,,
Apache_Cayenne,AWeNtwLCC4KKKThcCAze,2007-12-01 16:42:05,,
Apache_Cayenne,AWeNsBG5C4KKKThcCAu7,2007-12-01 16:18:17,,
Apache_Cayenne,AWeNqQGYC4KKKThcCApI,2007-12-01 16:12:05,,
Apache_Cayenne,AWeNojRBC4KKKThcCAmx,2007-11-30 19:07:26,,
Apache_Cayenne,AWeNm0OIC4KKKThcCAYT,2007-11-30 18:56:14,,
Apache_Cayenne,AWeNlBVAC4KKKThcCAVd,2007-11-30 18:54:46,,
Apache_Cayenne,AWeNjPUhC4KKKThcCAQG,2007-11-30 18:46:51,,
Apache_Cayenne,AWeNhhrTC4KKKThcCAMK,2007-11-30 18:35:15,,
Apache_Cayenne,AWeNfs59C4KKKThcCAIl,2007-11-30 18:26:20,,
Apache_Cayenne,AWeNd2xjC4KKKThcB_81,2007-11-30 02:36:15,,
Apache_Cayenne,AWeNcJuvC4KKKThcB_4K,2007-11-29 10:06:07,,
Apache_Cayenne,AWeNabUlC4KKKThcB_w_,2007-11-29 10:03:21,,
Apache_Cayenne,AWeNYuk8C4KKKThcB_tY,2007-11-21 08:37:26,,
Apache_Cayenne,AWeNW4NYC4KKKThcB_qf,2007-11-21 08:36:35,,
Apache_Cayenne,AWeNVKnhC4KKKThcB_nO,2007-11-21 07:52:09,,
Apache_Cayenne,AWeNTYpKC4KKKThcB_aH,2007-11-21 07:29:05,,
Apache_Cayenne,AWeNRpJjC4KKKThcB_Uw,2007-11-21 07:06:59,,
Apache_Cayenne,AWeNP0zKC4KKKThcB_NC,2007-11-20 20:51:04,,
Apache_Cayenne,AWeNOF2vC4KKKThcB_KN,2007-11-20 20:26:36,,
Apache_Cayenne,AWeNMUYqC4KKKThcB_F9,2007-11-20 19:43:12,,
Apache_Cayenne,AWeNKYYQC4KKKThcB_Ai,2007-11-20 19:35:16,,
Apache_Cayenne,AWeNIjOfC4KKKThcB-5h,2007-11-20 18:30:37,,
Apache_Cayenne,AWeNGvetC4KKKThcB-xm,2007-11-20 18:30:02,,
Apache_Cayenne,AWeNE8ZsC4KKKThcB-s9,2007-11-20 17:58:57,,
Apache_Cayenne,AWeNDJGLC4KKKThcB-nu,2007-11-20 17:57:34,,
Apache_Cayenne,AWeNBVH_C4KKKThcB-hm,2007-11-20 17:57:12,,
Apache_Cayenne,AWeM_fggC4KKKThcB-aD,2007-11-20 06:26:11,,
Apache_Cayenne,AWeM9xWWC4KKKThcB-UL,2007-11-17 00:25:14,,
Apache_Cayenne,AWeM8BFFC4KKKThcB-Pa,2007-11-16 23:51:44,,
Apache_Cayenne,AWeM6NKTC4KKKThcB-Fj,2007-11-16 23:49:46,,
Apache_Cayenne,AWeM4a9uC4KKKThcB9-7,2007-11-16 23:24:09,,
Apache_Cayenne,AWeM2i_DC4KKKThcB94r,2007-11-16 23:09:42,,
Apache_Cayenne,AWeM0mQPC4KKKThcB90m,2007-11-16 23:07:45,,
Apache_Cayenne,AWeMy2YaC4KKKThcB9yn,2007-11-16 23:07:42,,
Apache_Cayenne,AWeMxD4hC4KKKThcB9tj,2007-11-16 23:07:30,,
Apache_Cayenne,AWeMvTtqC4KKKThcB9qX,2007-11-16 23:01:02,,
Apache_Cayenne,AWeMthqqC4KKKThcB9le,2007-11-16 22:50:53,,
Apache_Cayenne,AWeMr1K3C4KKKThcB9hi,2007-11-16 22:50:31,,
Apache_Cayenne,AWeMqGcFC4KKKThcB9cW,2007-11-16 22:50:26,,
Apache_Cayenne,AWeMoSwuC4KKKThcB9XD,2007-11-16 22:45:49,,
Apache_Cayenne,AWeMmd5PC4KKKThcB9U1,2007-11-16 22:09:11,,
Apache_Cayenne,AWeMktGLC4KKKThcB8ih,2007-11-16 22:09:05,,
Apache_Cayenne,AWeMi3A2C4KKKThcB7ub,2007-11-16 21:54:57,,
Apache_Cayenne,AWeMg9W-C4KKKThcB7rw,2007-11-16 21:26:48,,
Apache_Cayenne,AWeMfKVuC4KKKThcB7pY,2007-11-16 21:25:58,,
Apache_Cayenne,AWeMdZUiC4KKKThcB7mt,2007-11-16 21:17:57,,
Apache_Cayenne,AWeMbnJWC4KKKThcB7jN,2007-11-15 00:33:43,,
Apache_Cayenne,AWeMZ1uFC4KKKThcB7fN,2007-11-15 00:33:20,,
Apache_Cayenne,AWeMWLLbC4KKKThcB6Ha,2007-11-15 00:04:10,,
Apache_Cayenne,AWeMUVMfC4KKKThcB6Ei,2007-11-15 00:00:18,,
Apache_Cayenne,AWeMSmmHC4KKKThcB5Sj,2007-11-14 23:56:38,,
Apache_Cayenne,AWeMQz9kC4KKKThcB5Pm,2007-11-14 20:15:59,,
Apache_Cayenne,AWeMPCfgC4KKKThcB5Nn,2007-11-14 19:56:38,,
Apache_Cayenne,AWeMNOwnC4KKKThcB5Jd,2007-11-13 19:38:51,,
Apache_Cayenne,AWeMLbW4C4KKKThcB5G5,2007-11-13 19:38:37,,
Apache_Cayenne,AWeMJqyuC4KKKThcB5Dp,2007-11-12 22:26:16,,
Apache_Cayenne,AWeMH23lC4KKKThcB5AO,2007-11-12 15:28:00,,
Apache_Cayenne,AWeMGDznC4KKKThcB4-E,2007-11-12 13:41:32,,
Apache_Cayenne,AWeMER7oC4KKKThcB4HN,2007-11-11 14:49:18,,
Apache_Cayenne,AWeMCbYjC4KKKThcB16D,2007-11-08 08:52:01,,
Apache_Cayenne,AWeMAtpeC4KKKThcB13M,2007-11-07 11:24:29,,
Apache_Cayenne,AWeL-5c-C4KKKThcB10R,2007-11-07 11:19:57,,
Apache_Cayenne,AWeL9IYnC4KKKThcB1xA,2007-11-07 09:27:28,,
Apache_Cayenne,AWeL7WsQC4KKKThcB1uz,2007-11-07 09:22:50,,
Apache_Cayenne,AWeL5kH0C4KKKThcB1sr,2007-11-06 17:55:12,,
Apache_Cayenne,AWeL30kQC4KKKThcB09H,2007-11-06 17:54:52,,
Apache_Cayenne,AWeL2BW_C4KKKThcBzeb,2007-11-06 14:15:16,,
Apache_Cayenne,AWeL0Jh7C4KKKThcBytw,2007-11-06 14:13:20,,
Apache_Cayenne,AWeLyZ5IC4KKKThcByqg,2007-11-06 03:25:20,,
Apache_Cayenne,AWeLwlPYC4KKKThcBynA,2007-11-05 10:19:35,,
Apache_Cayenne,AWeLu2aRC4KKKThcByhZ,2007-11-05 10:18:32,,
Apache_Cayenne,AWeLtIu-C4KKKThcByea,2007-11-05 06:30:42,,
Apache_Cayenne,AWeLrTKtC4KKKThcByZP,2007-11-05 06:15:06,,
Apache_Cayenne,AWeLphHrC4KKKThcByWR,2007-11-03 13:17:35,,
Apache_Cayenne,AWeLnuVIC4KKKThcByQ-,2007-11-03 13:17:28,,
Apache_Cayenne,AWeLmDELC4KKKThcByNG,2007-10-31 09:29:36,,
Apache_Cayenne,AWeLkS4OC4KKKThcByJY,2007-10-30 14:16:59,,
Apache_Cayenne,AWeLiabzC4KKKThcByGc,2007-10-30 13:57:59,,
Apache_Cayenne,AWeLghXlC4KKKThcByEj,2007-10-30 12:57:14,,
Apache_Cayenne,AWeLenvVC4KKKThcBx-d,2007-10-30 12:56:03,,
Apache_Cayenne,AWeLcvznC4KKKThcBx6e,2007-10-29 14:58:33,,
Apache_Cayenne,AWeLa-M6C4KKKThcBx4e,2007-10-28 23:20:24,,
Apache_Cayenne,AWeLZGXOC4KKKThcBx2V,2007-10-28 20:40:28,,
Apache_Cayenne,AWeLXIBnC4KKKThcBxzo,2007-10-28 20:39:53,,
Apache_Cayenne,AWeLVXWmC4KKKThcBxvy,2007-10-28 15:01:07,,
Apache_Cayenne,AWeLTkBDC4KKKThcBw_P,2007-10-28 14:39:34,,
Apache_Cayenne,AWeLRx97C4KKKThcBw6q,2007-10-27 16:48:11,,
Apache_Cayenne,AWeLP6u4C4KKKThcBwLe,2007-10-27 16:17:39,,
Apache_Cayenne,AWeLOCt4C4KKKThcBwHC,2007-10-27 16:13:24,,
Apache_Cayenne,AWeLMISRC4KKKThcBwEL,2007-10-27 15:20:34,,
Apache_Cayenne,AWeLKNkMC4KKKThcBv__,2007-10-27 14:56:48,,
Apache_Cayenne,AWeLIcH8C4KKKThcBv8y,2007-10-27 13:46:15,,
Apache_Cayenne,AWeLGiYFC4KKKThcBv6Z,2007-10-27 13:15:50,,
Apache_Cayenne,AWeLEr5QC4KKKThcBv1i,2007-10-27 11:38:56,,
Apache_Cayenne,AWeLCeF9C4KKKThcBvyS,2007-10-26 18:48:43,,
Apache_Cayenne,AWeLAt8xC4KKKThcBvvw,2007-10-26 18:08:10,,
Apache_Cayenne,AWeK-oXfC4KKKThcBvs2,2007-10-26 11:51:53,,
Apache_Cayenne,AWeK849-C4KKKThcBvqn,2007-10-26 11:47:40,,
Apache_Cayenne,AWeK7Hf4C4KKKThcBvoZ,2007-10-26 11:33:11,,
Apache_Cayenne,AWeK5RXpC4KKKThcBvlw,2007-10-26 11:01:06,,
Apache_Cayenne,AWeK3dpLC4KKKThcBvh9,2007-10-26 04:15:12,,
Apache_Cayenne,AWeK1TUwC4KKKThcBt_l,2007-10-26 03:33:33,,
Apache_Cayenne,AWeKzfByC4KKKThcBtQx,2007-10-25 20:10:18,,
Apache_Cayenne,AWeKxs-_C4KKKThcBsjX,2007-10-25 17:53:24,,
Apache_Cayenne,AWeKv41MC4KKKThcBsfx,2007-10-25 17:53:04,,
Apache_Cayenne,AWeKtv_7C4KKKThcBrsU,2007-10-25 16:35:41,,
Apache_Cayenne,AWeKr_FKC4KKKThcBrpR,2007-10-25 09:14:44,,
Apache_Cayenne,AWeKqNXOC4KKKThcBrmi,2007-10-24 15:53:31,,
Apache_Cayenne,AWeKocfZC4KKKThcBrkj,2007-10-24 15:49:09,,
Apache_Cayenne,AWeKmphhC4KKKThcBrgF,2007-10-23 13:22:36,,
Apache_Cayenne,AWeKk2ARC4KKKThcBrby,2007-10-23 12:44:40,,
Apache_Cayenne,AWeKitRKC4KKKThcBqsp,2007-10-23 11:28:12,,
Apache_Cayenne,AWeKgoPMC4KKKThcBp_B,2007-10-23 10:31:38,,
Apache_Cayenne,AWeKez7CC4KKKThcBp7X,2007-10-23 10:27:53,,
Apache_Cayenne,AWeKdEmxC4KKKThcBp4u,2007-10-23 02:28:02,,
Apache_Cayenne,AWeKa93wC4KKKThcBpLG,2007-10-22 17:50:01,,
Apache_Cayenne,AWeKY6YnC4KKKThcBodA,2007-10-22 13:20:54,,
Apache_Cayenne,AWeKXId_C4KKKThcBobB,2007-10-22 12:43:54,,
Apache_Cayenne,AWeKVYtwC4KKKThcBoYo,2007-10-22 07:57:31,,
Apache_Cayenne,AWeKTqaxC4KKKThcBoUB,2007-10-22 06:41:31,,
Apache_Cayenne,AWeKR5RuC4KKKThcBoSA,2007-10-21 20:03:24,,
Apache_Cayenne,AWeKPvYzC4KKKThcBoPR,2007-10-21 19:33:21,,
Apache_Cayenne,AWeKNm5eC4KKKThcBoKa,2007-10-21 19:17:29,,
Apache_Cayenne,AWeKLesSC4KKKThcBoFY,2007-10-21 19:03:11,,
Apache_Cayenne,AWeKJmB-C4KKKThcBoBK,2007-10-21 18:39:10,,
Apache_Cayenne,AWeKH4bwC4KKKThcBnTM,2007-10-20 19:37:57,,
Apache_Cayenne,AWeKGLNHC4KKKThcBnOr,2007-10-19 08:23:54,,
Apache_Cayenne,AWeKEYpjC4KKKThcBnL6,2007-10-19 07:21:44,,
Apache_Cayenne,AWeKCmhgC4KKKThcBnH6,2007-10-19 07:20:15,,
Apache_Cayenne,AWeKAws1C4KKKThcBnEW,2007-10-18 20:02:09,,
Apache_Cayenne,AWeJ_CdAC4KKKThcBnCf,2007-10-18 11:01:21,,
Apache_Cayenne,AWeJ9UquC4KKKThcBnAw,2007-10-15 08:27:55,,
Apache_Cayenne,AWeJ7e0JC4KKKThcBm9u,2007-10-15 07:59:53,,
Apache_Cayenne,AWeJ5lwlC4KKKThcBm5c,2007-10-15 00:13:13,,
Apache_Cayenne,AWeJ31sGC4KKKThcBmLD,2007-10-15 00:11:22,,
Apache_Cayenne,AWeJ2I-KC4KKKThcBmIs,2007-10-14 21:45:50,,
Apache_Cayenne,AWeJ0Z3KC4KKKThcBlZf,2007-10-14 21:42:57,,
Apache_Cayenne,AWeJyqyxC4KKKThcBkAG,2007-10-14 21:40:36,,
Apache_Cayenne,AWeJw32BC4KKKThcBjS-,2007-10-14 21:33:10,,
Apache_Cayenne,AWeJu1JQC4KKKThcBijN,2007-10-14 21:31:52,,
Apache_Cayenne,AWeJtHRJC4KKKThcBig8,2007-10-14 21:31:00,,
Apache_Cayenne,AWeJrZS_C4KKKThcBhxY,2007-10-14 21:30:39,,
Apache_Cayenne,AWeJpo1mC4KKKThcBhtg,2007-10-14 21:27:59,,
Apache_Cayenne,AWeJn6I3C4KKKThcBhoJ,2007-10-14 21:06:59,,
Apache_Cayenne,AWeJmKA8C4KKKThcBhjj,2007-10-14 19:34:23,,
Apache_Cayenne,AWeJkZSxC4KKKThcBhgb,2007-10-14 19:32:47,,
Apache_Cayenne,AWeJipVpC4KKKThcBhcZ,2007-10-14 08:26:31,,
Apache_Cayenne,AWeJg5ZZC4KKKThcBhXu,2007-10-10 15:23:00,,
Apache_Cayenne,AWeJew2TC4KKKThcBhVh,2007-10-10 15:14:20,,
Apache_Cayenne,AWeJct27C4KKKThcBhRP,2007-10-10 15:04:42,,
Apache_Cayenne,AWeJam9cC4KKKThcBhNj,2007-10-10 15:00:48,,
Apache_Cayenne,AWeJY3pdC4KKKThcBhLJ,2007-10-10 14:55:29,,
Apache_Cayenne,AWeJXHG-C4KKKThcBhFk,2007-10-10 14:03:24,,
Apache_Cayenne,AWeJVYywC4KKKThcBhCG,2007-10-10 09:06:55,,
Apache_Cayenne,AWeJTqbzC4KKKThcBg_P,2007-10-10 09:05:15,,
Apache_Cayenne,AWeJR4-PC4KKKThcBg6m,2007-10-09 22:36:03,,
Apache_Cayenne,AWeJP3-6C4KKKThcBg3j,2007-10-09 22:07:50,,
Apache_Cayenne,AWeJOHgDC4KKKThcBgLC,2007-10-09 21:53:56,,
Apache_Cayenne,AWeJMCLvC4KKKThcBfeC,2007-10-09 21:47:42,,
Apache_Cayenne,AWeJJ-9VC4KKKThcBfa6,2007-10-09 21:39:33,,
Apache_Cayenne,AWeJH7rsC4KKKThcBfWE,2007-10-09 21:39:03,,
Apache_Cayenne,AWeJF9G9C4KKKThcBfRD,2007-10-09 21:19:25,,
Apache_Cayenne,AWeJD2JOC4KKKThcBfOz,2007-10-09 20:52:40,,
Apache_Cayenne,AWeJCHF7C4KKKThcBfMi,2007-10-09 19:48:39,,
Apache_Cayenne,AWeJAYONC4KKKThcBecg,2007-10-09 19:28:31,,
Apache_Cayenne,AWeI-lx6C4KKKThcBdvh,2007-10-09 19:21:30,,
Apache_Cayenne,AWeI8mN5C4KKKThcBdqt,2007-10-09 17:47:26,,
Apache_Cayenne,AWeI6i1XC4KKKThcBdie,2007-10-09 17:20:44,,
Apache_Cayenne,AWeI4zCnC4KKKThcBdeN,2007-10-09 17:19:36,,
Apache_Cayenne,AWeI3BOHC4KKKThcBcvm,2007-10-09 16:58:44,,
Apache_Cayenne,AWeI1VTpC4KKKThcBctD,2007-10-08 11:03:32,,
Apache_Cayenne,AWeIzSgoC4KKKThcBcAJ,2007-10-08 08:29:00,,
Apache_Cayenne,AWeIxQV5C4KKKThcBb7i,2007-10-06 14:22:24,,
Apache_Cayenne,AWeIvNvqC4KKKThcBb36,2007-10-05 16:09:13,,
Apache_Cayenne,AWeItI7GC4KKKThcBb0f,2007-10-05 16:08:24,,
Apache_Cayenne,AWeIrbzdC4KKKThcBbxH,2007-10-05 16:02:03,,
Apache_Cayenne,AWeIpuVCC4KKKThcBbuZ,2007-10-05 12:33:18,,
Apache_Cayenne,AWeIoCiyC4KKKThcBbsG,2007-10-05 09:51:36,,
Apache_Cayenne,AWeImT3ZC4KKKThcBbAA,2007-10-05 09:51:04,,
Apache_Cayenne,AWeIki0MC4KKKThcBaQ0,2007-10-05 08:32:25,,
Apache_Cayenne,AWeIijVcC4KKKThcBaOC,2007-10-03 10:15:20,,
Apache_Cayenne,AWeIgdgiC4KKKThcBaKG,2007-10-03 10:14:08,,
Apache_Cayenne,AWeIew5jC4KKKThcBaHz,2007-10-02 11:16:54,,
Apache_Cayenne,AWeIdFTMC4KKKThcBaEW,2007-09-24 14:12:25,,
Apache_Cayenne,AWeIbDu3C4KKKThcBaAw,2007-09-24 13:01:59,,
Apache_Cayenne,AWeIZYDWC4KKKThcBZST,2007-09-24 12:54:53,,
Apache_Cayenne,AWeIXWBpC4KKKThcBYk7,2007-09-24 12:53:44,,
Apache_Cayenne,AWeIVoBvC4KKKThcBYeW,2007-09-24 09:06:29,,
Apache_Cayenne,AWeITnNDC4KKKThcBYaJ,2007-09-24 07:51:40,,
Apache_Cayenne,AWeIRlgxC4KKKThcBWVq,2007-09-24 07:38:54,,
Apache_Cayenne,AWeIP398C4KKKThcBVSt,2007-09-24 07:27:11,,
Apache_Cayenne,AWeIOKAZC4KKKThcBVPc,2007-09-23 17:43:38,,
Apache_Cayenne,AWeIMdt3C4KKKThcBVMz,2007-09-23 17:10:37,,
Apache_Cayenne,AWeIKx6CC4KKKThcBVJ7,2007-09-23 16:40:53,,
Apache_Cayenne,AWeIJDXeC4KKKThcBVGr,2007-09-22 10:11:14,,
Apache_Cayenne,AWeIHYP-C4KKKThcBVDJ,2007-09-21 15:35:11,,
Apache_Cayenne,AWeIFozzC4KKKThcBVAu,2007-09-21 15:07:52,,
Apache_Cayenne,AWeID8oYC4KKKThcBU9G,2007-09-21 13:29:00,,
Apache_Cayenne,AWeICPaOC4KKKThcBU5a,2007-09-21 13:23:04,,
Apache_Cayenne,AWeIAgRCC4KKKThcBU3G,2007-09-21 13:21:47,,
Apache_Cayenne,AWeH-csoC4KKKThcBUyi,2007-09-19 20:00:29,,
Apache_Cayenne,AWeH8bX_C4KKKThcBUvK,2007-09-19 19:27:12,,
Apache_Cayenne,AWeH6a5EC4KKKThcBUsM,2007-09-19 15:43:14,,
Apache_Cayenne,AWeH4t-jC4KKKThcBUpy,2007-09-19 15:42:57,,
Apache_Cayenne,AWeH2r0UC4KKKThcBUlb,2007-09-19 15:42:50,,
Apache_Cayenne,AWeH0sj0C4KKKThcBUKe,2007-09-19 14:32:09,,
Apache_Cayenne,AWeHyseSC4KKKThcBUGu,2007-09-19 12:41:24,,
Apache_Cayenne,AWeHwq7dC4KKKThcBUBz,2007-09-18 07:55:38,,
Apache_Cayenne,AWeHumOHC4KKKThcBT-E,2007-09-18 07:51:19,,
Apache_Cayenne,AWeHs8SpC4KKKThcBT6x,2007-09-18 07:40:18,,
Apache_Cayenne,AWeHrO3iC4KKKThcBT2b,2007-09-18 07:30:41,,
Apache_Cayenne,AWeHpOkyC4KKKThcBTv5,2007-09-17 12:09:17,,
Apache_Cayenne,AWeHnfRBC4KKKThcBTrF,2007-09-16 14:33:22,,
Apache_Cayenne,AWeHldCMC4KKKThcBTif,2007-09-15 16:42:01,,
Apache_Cayenne,AWeHjw9hC4KKKThcBTfr,2007-09-15 15:02:47,,
Apache_Cayenne,AWeHhuItC4KKKThcBSKn,2007-09-15 12:20:33,,
Apache_Cayenne,AWeHfx29C4KKKThcBSHy,2007-09-03 12:42:27,,
Apache_Cayenne,AWeHd1VpC4KKKThcBRa-,2007-09-03 08:34:03,,
Apache_Cayenne,AWeHbzEVC4KKKThcBRTv,2007-09-03 08:33:37,,
Apache_Cayenne,AWeHaGoGC4KKKThcBQiP,2007-09-03 08:06:57,,
Apache_Cayenne,AWeHYZYDC4KKKThcBQaf,2007-09-03 07:57:07,,
Apache_Cayenne,AWeHWYYzC4KKKThcBQRb,2007-09-03 07:37:04,,
Apache_Cayenne,AWeHUUhhC4KKKThcBQOm,2007-09-03 07:09:48,,
Apache_Cayenne,AWeHSPvNC4KKKThcBQH2,2007-09-02 21:08:18,,
Apache_Cayenne,AWeHQMLaC4KKKThcBQB3,2007-09-02 20:57:52,,
Apache_Cayenne,AWeHOfnrC4KKKThcBP_R,2007-09-02 20:51:53,,
Apache_Cayenne,AWeHMymQC4KKKThcBP5N,2007-09-02 20:41:29,,
Apache_Cayenne,AWeHLGNcC4KKKThcBP2Q,2007-09-02 20:33:06,,
Apache_Cayenne,AWeHJZMnC4KKKThcBPzi,2007-09-02 20:19:48,,
Apache_Cayenne,AWeHHs2YC4KKKThcBPwi,2007-09-02 20:12:28,,
Apache_Cayenne,AWeHFxoBC4KKKThcBPqI,2007-09-02 20:09:29,,
Apache_Cayenne,AWeHD_AMC4KKKThcBPiY,2007-09-02 19:48:12,,
Apache_Cayenne,AWeHCQXZC4KKKThcBPff,2007-09-02 19:22:58,,
Apache_Cayenne,AWeHAPIkC4KKKThcBPaz,2007-09-02 17:52:39,,
Apache_Cayenne,AWeG-f7RC4KKKThcBOMr,2007-09-02 17:52:33,,
Apache_Cayenne,AWeG8zilC4KKKThcBOIs,2007-09-02 17:23:17,,
Apache_Cayenne,AWeG7Fz5C4KKKThcBOC7,2007-09-02 15:42:05,,
Apache_Cayenne,AWeG5WUqC4KKKThcBNUY,2007-09-02 15:36:26,,
Apache_Cayenne,AWeG3YbyC4KKKThcBNO_,2007-09-02 15:35:28,,
Apache_Cayenne,AWeG1bdjC4KKKThcBNLW,2007-09-02 15:35:23,,
Apache_Cayenne,AWeGzaWlC4KKKThcBNGP,2007-09-02 13:54:18,,
Apache_Cayenne,AWeGxYqxC4KKKThcBM9s,2007-09-02 13:53:33,,
Apache_Cayenne,AWeGvfPmC4KKKThcBM0H,2007-09-02 13:50:18,,
Apache_Cayenne,AWeGtcUGC4KKKThcBMFm,2007-09-02 13:49:53,,
Apache_Cayenne,AWeGruKGC4KKKThcBL9w,2007-09-02 12:05:23,,
Apache_Cayenne,AWeGpsI6C4KKKThcBL1J,2007-09-02 11:04:06,,
Apache_Cayenne,AWeGntiLC4KKKThcBLwE,2007-09-02 10:49:52,,
Apache_Cayenne,AWeGlyldC4KKKThcBLtN,2007-09-02 10:43:56,,
Apache_Cayenne,AWeGjxikC4KKKThcBLo8,2007-09-02 10:27:50,,
Apache_Cayenne,AWeGhxIpC4KKKThcBLkK,2007-09-02 10:21:50,,
Apache_Cayenne,AWeGfyTwC4KKKThcBLf2,2007-09-01 15:35:46,,
Apache_Cayenne,AWeGdx8gC4KKKThcBLcn,2007-09-01 14:09:30,,
Apache_Cayenne,AWeGbvPyC4KKKThcBLXA,2007-09-01 13:44:03,,
Apache_Cayenne,AWeGaCyyC4KKKThcBLOO,2007-09-01 12:25:40,,
Apache_Cayenne,AWeGYSKGC4KKKThcBLDf,2007-09-01 12:09:21,,
Apache_Cayenne,AWeGWirsC4KKKThcBK-6,2007-08-29 08:09:13,,
Apache_Cayenne,AWeGUiRuC4KKKThcBKr0,2007-08-28 18:03:34,,
Apache_Cayenne,AWeGSw-nC4KKKThcBKVb,2007-08-28 17:46:51,,
Apache_Cayenne,AWeGRDMXC4KKKThcBKRo,2007-08-28 17:45:22,,
Apache_Cayenne,AWeGPTMoC4KKKThcBJw4,2007-08-27 08:21:59,,
Apache_Cayenne,AWeGNlwSC4KKKThcBJde,2007-08-27 07:34:00,,
Apache_Cayenne,AWeGL0GPC4KKKThcBIt1,2007-08-25 13:49:19,,
Apache_Cayenne,AWeGKE_FC4KKKThcBH7Y,2007-08-25 13:47:59,,
Apache_Cayenne,AWeGIVJVC4KKKThcBG29,2007-08-25 13:47:54,,
Apache_Cayenne,AWeGGjcMC4KKKThcBGcA,2007-08-25 11:45:24,,
Apache_Cayenne,AWeGEfpXC4KKKThcBF_d,2007-08-24 10:10:17,,
Apache_Cayenne,AWeGCf2eC4KKKThcBFmm,2007-08-24 10:09:34,,
Apache_Cayenne,AWeGAiU6C4KKKThcBFF_,2007-08-23 18:01:50,,
Apache_Cayenne,AWeF-jB8C4KKKThcBFBD,2007-08-23 18:01:43,,
Apache_Cayenne,AWeF8wrmC4KKKThcBE42,2007-08-23 15:29:05,,
Apache_Cayenne,AWeF7BQsC4KKKThcBEz9,2007-08-23 10:47:00,,
Apache_Cayenne,AWeF5SxVC4KKKThcBEvw,2007-08-21 13:32:12,,
Apache_Cayenne,AWeF3QNKC4KKKThcBEpZ,2007-08-21 13:31:04,,
Apache_Cayenne,AWeF1Ou7C4KKKThcBEZc,2007-08-21 13:26:38,,
Apache_Cayenne,AWeFzfvHC4KKKThcBDrM,2007-08-20 17:13:16,,
Apache_Cayenne,AWeFxpOxC4KKKThcBCqT,2007-08-19 14:15:54,,
Apache_Cayenne,AWeFv-wRC4KKKThcBCLR,2007-08-17 12:27:54,,
Apache_Cayenne,AWeFuQ63C4KKKThcBCAM,2007-08-16 12:41:23,,
Apache_Cayenne,AWeFsRAUC4KKKThcBB1J,2007-08-16 12:26:48,,
Apache_Cayenne,AWeFqXkiC4KKKThcBBGe,2007-08-16 12:05:44,,
Apache_Cayenne,AWeFoc8IC4KKKThcBAaK,2007-08-15 13:35:11,,
Apache_Cayenne,AWeFmwpYC4KKKThcBASi,2007-08-15 13:35:01,,
Apache_Cayenne,AWeFk4MQC4KKKThcBAIa,2007-08-15 12:49:43,,
Apache_Cayenne,AWeFi6IGC4KKKThcA__4,2007-08-15 12:36:27,,
Apache_Cayenne,AWeFhPfwC4KKKThcA_3Z,2007-08-14 21:57:19,,
Apache_Cayenne,AWeFfibVC4KKKThcA_yJ,2007-08-14 21:56:22,,
Apache_Cayenne,AWeFdlxLC4KKKThcA_G0,2007-08-14 20:37:28,,
Apache_Cayenne,AWeFbs4xC4KKKThcA-a5,2007-08-14 20:37:05,,
Apache_Cayenne,AWeFZu3mC4KKKThcA9KO,2007-08-13 14:25:56,,
Apache_Cayenne,AWeFXtiLC4KKKThcA8XM,2007-08-12 18:53:15,,
Apache_Cayenne,AWeFVveMC4KKKThcA7gL,2007-08-12 18:48:06,,
Apache_Cayenne,AWeFUAaBC4KKKThcA7Ny,2007-08-12 18:25:06,,
Apache_Cayenne,AWeFSTBdC4KKKThcA7HP,2007-08-12 00:51:13,,
Apache_Cayenne,AWeFQg0xC4KKKThcA66d,2007-08-12 00:48:49,,
Apache_Cayenne,AWeFOjKcC4KKKThcA6X1,2007-08-12 00:32:07,,
Apache_Cayenne,AWeFMmkfC4KKKThcA6I4,2007-08-08 15:04:41,,
Apache_Cayenne,AWeFK5T-C4KKKThcA5xe,2007-08-08 14:57:47,,
Apache_Cayenne,AWeFJNOfC4KKKThcA5iI,2007-08-08 14:30:15,,
Apache_Cayenne,AWeFHKxfC4KKKThcA5cH,2007-08-08 13:57:08,,
Apache_Cayenne,AWeFFeYsC4KKKThcA5Ng,2007-08-08 13:53:50,,
Apache_Cayenne,AWeFDidAC4KKKThcA41N,2007-08-08 13:51:45,,
Apache_Cayenne,AWeFBnfXC4KKKThcA4iZ,2007-08-08 13:51:29,,
Apache_Cayenne,AWeE_vYkC4KKKThcA3Q_,2007-08-07 17:20:23,,
Apache_Cayenne,AWeE9xX-C4KKKThcA3MZ,2007-08-07 17:03:13,,
Apache_Cayenne,AWeE7qOnC4KKKThcA3HF,2007-08-07 16:54:30,,
Apache_Cayenne,AWeE59bCC4KKKThcA29R,2007-08-06 21:07:16,,
Apache_Cayenne,AWeE4QchC4KKKThcA20F,2007-08-06 18:02:31,,
Apache_Cayenne,AWeE2i50C4KKKThcA2rZ,2007-08-06 16:54:11,,
Apache_Cayenne,AWeE015xC4KKKThcA2PJ,2007-08-05 21:38:42,,
Apache_Cayenne,AWeEzHsWC4KKKThcA1_Y,2007-08-05 21:07:54,,
Apache_Cayenne,AWeExal3C4KKKThcA1rw,2007-08-05 19:29:25,,
Apache_Cayenne,AWeEvtaiC4KKKThcA1fb,2007-08-05 19:28:34,,
Apache_Cayenne,AWeEt9izC4KKKThcA1SO,2007-08-05 15:22:37,,
Apache_Cayenne,AWeEsRgsC4KKKThcA1Me,2007-08-05 15:00:45,,
Apache_Cayenne,AWeEqQ1mC4KKKThcA0z_,2007-08-05 14:56:11,,
Apache_Cayenne,AWeEoaFxC4KKKThcA0uI,2007-08-05 14:25:13,,
Apache_Cayenne,AWeEmi8cC4KKKThcA0C5,2007-08-05 14:22:50,,
Apache_Cayenne,AWeEki7KC4KKKThcAzo8,2007-08-05 14:17:47,,
Apache_Cayenne,AWeEisUUC4KKKThcAzfP,2007-08-05 14:15:33,,
Apache_Cayenne,AWeEg0V3C4KKKThcAyug,2007-08-04 20:34:05,,
Apache_Cayenne,AWeEe2bqC4KKKThcAyd5,2007-08-04 20:08:00,,
Apache_Cayenne,AWeEdIp3C4KKKThcAyUJ,2007-08-04 17:56:49,,
Apache_Cayenne,AWeEbRZPC4KKKThcAyQT,2007-08-04 17:46:32,,
Apache_Cayenne,AWeEZa6rC4KKKThcAyNj,2007-08-03 07:17:39,,
Apache_Cayenne,AWeEXf8cC4KKKThcAyEk,2007-08-03 07:16:03,,
Apache_Cayenne,AWeEV3_xC4KKKThcAyAa,2007-08-03 07:15:30,,
Apache_Cayenne,AWeEUM-uC4KKKThcAx9G,2007-08-02 22:26:49,,
Apache_Cayenne,AWeESg3YC4KKKThcAx0Y,2007-08-02 22:12:38,,
Apache_Cayenne,AWeEQ1QfC4KKKThcAxlt,2007-08-02 21:43:23,,
Apache_Cayenne,AWeEPJ18C4KKKThcAxjQ,2007-08-02 20:20:37,,
Apache_Cayenne,AWeENePVC4KKKThcAw6F,2007-08-01 21:17:25,,
Apache_Cayenne,AWeEL0KJC4KKKThcAw31,2007-08-01 21:15:37,,
Apache_Cayenne,AWeEKB8UC4KKKThcAwQb,2007-08-01 20:49:21,,
Apache_Cayenne,AWeEIYnFC4KKKThcAvUb,2007-08-01 20:40:56,,
Apache_Cayenne,AWeEGtlmC4KKKThcAvPA,2007-08-01 19:42:44,,
Apache_Cayenne,AWeEE65hC4KKKThcAvJ9,2007-08-01 19:37:40,,
Apache_Cayenne,AWeEDGe2C4KKKThcAu__,2007-08-01 19:35:02,,
Apache_Cayenne,AWeEBQaaC4KKKThcAu9W,2007-07-31 21:18:31,,
Apache_Cayenne,AWeD_bjhC4KKKThcAu3O,2007-07-31 21:00:03,,
Apache_Cayenne,AWeD9mrBC4KKKThcAu0Y,2007-07-31 20:46:45,,
Apache_Cayenne,AWeD7tTvC4KKKThcAux9,2007-07-31 20:41:57,,
Apache_Cayenne,AWeD53k-C4KKKThcAuLB,2007-07-31 20:37:14,,
Apache_Cayenne,AWeD39xNC4KKKThcAuGY,2007-07-31 20:22:43,,
Apache_Cayenne,AWeD2R4vC4KKKThcAuDg,2007-07-31 19:24:24,,
Apache_Cayenne,AWeD0mQ4C4KKKThcAt3g,2007-07-31 19:20:17,,
Apache_Cayenne,AWeDyzA_C4KKKThcAtsb,2007-07-31 19:02:00,,
Apache_Cayenne,AWeDw-S1C4KKKThcAtpc,2007-07-29 22:28:53,,
Apache_Cayenne,AWeDvK3hC4KKKThcAtkt,2007-07-29 22:27:57,,
Apache_Cayenne,AWeDtTMHC4KKKThcAtc5,2007-07-29 21:34:44,,
Apache_Cayenne,AWeDrnWEC4KKKThcAtWf,2007-07-29 21:28:22,,
Apache_Cayenne,AWeDpss2C4KKKThcAtR3,2007-07-29 21:23:51,,
Apache_Cayenne,AWeDoAg_C4KKKThcAtJG,2007-07-29 21:12:24,,
Apache_Cayenne,AWeDmVqlC4KKKThcAtGa,2007-07-29 20:49:06,,
Apache_Cayenne,AWeDkjeBC4KKKThcAscj,2007-07-29 20:44:21,,
Apache_Cayenne,AWeDi1NeC4KKKThcAsYF,2007-07-29 20:22:35,,
Apache_Cayenne,AWeDg7uIC4KKKThcAsQ4,2007-07-29 20:21:19,,
Apache_Cayenne,AWeDfKCyC4KKKThcArqu,2007-07-29 20:07:36,,
Apache_Cayenne,AWeDdP9AC4KKKThcArjd,2007-07-29 19:31:55,,
Apache_Cayenne,AWeDbkubC4KKKThcAqbK,2007-07-29 19:31:22,,
Apache_Cayenne,AWeDZ3X9C4KKKThcAqWZ,2007-07-29 17:38:43,,
Apache_Cayenne,AWeDYLl0C4KKKThcAqRZ,2007-07-29 16:58:34,,
Apache_Cayenne,AWeDWXnTC4KKKThcAprj,2007-07-29 16:17:18,,
Apache_Cayenne,AWeDUjSuC4KKKThcApjS,2007-07-29 16:15:51,,
Apache_Cayenne,AWeDSnCOC4KKKThcApcl,2007-07-29 15:57:52,,
Apache_Cayenne,AWeDQ0Z_C4KKKThcApaE,2007-07-28 17:55:27,,
Apache_Cayenne,AWeDO_0_C4KKKThcApVd,2007-07-28 17:54:59,,
Apache_Cayenne,AWeDNNKuC4KKKThcApQe,2007-07-28 17:41:50,,
Apache_Cayenne,AWeDLSJIC4KKKThcAoMc,2007-07-28 17:41:14,,
Apache_Cayenne,AWeDJZYQC4KKKThcAoHW,2007-07-28 17:21:19,,
Apache_Cayenne,AWeDHpTAC4KKKThcAoCd,2007-07-28 17:20:08,,
Apache_Cayenne,AWeDF8ZVC4KKKThcAnc3,2007-07-28 17:18:37,,
Apache_Cayenne,AWeDEFR2C4KKKThcAl3q,2007-07-28 16:32:34,,
Apache_Cayenne,AWeDCRSCC4KKKThcAky5,2007-07-28 16:03:21,,
Apache_Cayenne,AWeDAWy0C4KKKThcAjNy,2007-07-28 16:03:01,,
Apache_Cayenne,AWeC-cALC4KKKThcAiJq,2007-07-28 16:02:22,,
Apache_Cayenne,AWeC8t8_C4KKKThcAhFU,2007-07-27 22:04:24,,
Apache_Cayenne,AWeC7BLhC4KKKThcAhAn,2007-07-27 21:54:50,,
Apache_Cayenne,AWeC5TWHC4KKKThcAg8I,2007-07-23 14:52:55,,
Apache_Cayenne,AWeC3YNuC4KKKThcAgym,2007-07-21 09:37:27,,
Apache_Cayenne,AWeC1iWMC4KKKThcAgo7,2007-07-20 18:42:37,,
Apache_Cayenne,AWeCzpW9C4KKKThcAgmU,2007-07-16 21:16:42,,
Apache_Cayenne,AWeCxsxgC4KKKThcAgEP,2007-07-15 20:55:11,,
Apache_Cayenne,AWeCwBAUC4KKKThcAgAv,2007-07-15 20:46:43,,
Apache_Cayenne,AWeCuLgwC4KKKThcAfbf,2007-07-14 21:20:10,,
Apache_Cayenne,AWeCsbH0C4KKKThcAfV0,2007-07-14 21:19:06,,
Apache_Cayenne,AWeCqe5UC4KKKThcAfRl,2007-07-12 09:38:50,,
Apache_Cayenne,AWeCovA6C4KKKThcAfAZ,2007-07-12 01:15:08,,
Apache_Cayenne,AWeCm-evC4KKKThcAeLj,2007-07-08 19:23:45,,
Apache_Cayenne,AWeClRTrC4KKKThcAdpB,2007-07-08 19:19:39,,
Apache_Cayenne,AWeCjgz_C4KKKThcAdKp,2007-07-08 19:11:31,,
Apache_Cayenne,AWeChxqlC4KKKThcAdCs,2007-07-08 18:40:14,,
Apache_Cayenne,AWeCgEhLC4KKKThcAdAt,2007-07-08 18:30:41,,
Apache_Cayenne,AWeCeXORC4KKKThcAc9_,2007-07-08 12:33:47,,
Apache_Cayenne,AWeCcoRtC4KKKThcAc6h,2007-07-04 10:36:45,,
Apache_Cayenne,AWeCa9MPC4KKKThcAc4Q,2007-07-04 10:34:47,,
Apache_Cayenne,AWeCZBUXC4KKKThcAc18,2007-07-04 09:39:26,,
Apache_Cayenne,AWeCXT2FC4KKKThcAcsY,2007-07-02 17:09:47,,
Apache_Cayenne,AWeCVmHmC4KKKThcAclu,2007-07-02 13:36:24,,
Apache_Cayenne,AWeCT5i4C4KKKThcAcDB,2007-07-02 13:30:55,,
Apache_Cayenne,AWeCSC1aC4KKKThcAb4I,2007-07-02 13:25:39,,
Apache_Cayenne,AWeCQNGYC4KKKThcAbR0,2007-07-01 13:46:00,,
Apache_Cayenne,AWeCOSivC4KKKThcAbNh,2007-07-01 13:44:09,,
Apache_Cayenne,AWeCMbNtC4KKKThcAa3I,2007-07-01 13:31:27,,
Apache_Cayenne,AWeCKqgxC4KKKThcAaUv,2007-07-01 12:43:51,,
Apache_Cayenne,AWeCIzuPC4KKKThcAaQk,2007-07-01 12:15:33,,
Apache_Cayenne,AWeCHGR0C4KKKThcAaMq,2007-07-01 12:14:43,,
Apache_Cayenne,AWeCFYOTC4KKKThcAaHm,2007-07-01 11:27:42,,
Apache_Cayenne,AWeCDq5YC4KKKThcAaCW,2007-07-01 11:10:23,,
Apache_Cayenne,AWeCCAM2C4KKKThcAZ_m,2007-07-01 10:45:35,,
Apache_Cayenne,AWeCAK1kC4KKKThcAZ9I,2007-07-01 10:42:58,,
Apache_Cayenne,AWeB-PwZC4KKKThcAZ2w,2007-07-01 10:40:01,,
Apache_Cayenne,AWeB8jxtC4KKKThcAYhf,2007-07-01 10:39:13,,
Apache_Cayenne,AWeB64bNC4KKKThcAYGm,2007-07-01 10:28:02,,
Apache_Cayenne,AWeB493NC4KKKThcAX-_,2007-07-01 10:26:07,,
Apache_Cayenne,AWeB3FgoC4KKKThcAX6A,2007-07-01 10:06:17,,
Apache_Cayenne,AWeB1JPgC4KKKThcAX2t,2007-06-30 18:13:11,,
Apache_Cayenne,AWeBzcFcC4KKKThcAXZ_,2007-06-30 18:07:49,,
Apache_Cayenne,AWeBxwgTC4KKKThcAXUe,2007-06-30 18:04:52,,
Apache_Cayenne,AWeBwFliC4KKKThcAXQL,2007-06-30 17:28:21,,
Apache_Cayenne,AWeBuYr0C4KKKThcAXH8,2007-06-30 17:17:59,,
Apache_Cayenne,AWeBsicoC4KKKThcAWrj,2007-06-30 17:03:54,,
Apache_Cayenne,AWeBqqf3C4KKKThcAWnA,2007-06-30 16:00:20,,
Apache_Cayenne,AWeBpAOEC4KKKThcAWh-,2007-06-29 13:11:53,,
Apache_Cayenne,AWeBnM-0C4KKKThcAWZL,2007-06-29 12:40:30,,
Apache_Cayenne,AWeBlVpBC4KKKThcAWSP,2007-06-29 12:05:49,,
Apache_Cayenne,AWeBjsC4C4KKKThcAWN1,2007-06-29 11:12:08,,
Apache_Cayenne,AWeBiCwtC4KKKThcAVqo,2007-06-29 11:09:48,,
Apache_Cayenne,AWeBgYtSC4KKKThcAUpa,2007-06-28 20:39:41,,
Apache_Cayenne,AWeBeul7C4KKKThcAUlv,2007-06-28 18:06:55,,
Apache_Cayenne,AWeBc-5HC4KKKThcAUhH,2007-06-28 18:06:34,,
Apache_Cayenne,AWeBbD6dC4KKKThcAUdM,2007-06-28 17:47:30,,
Apache_Cayenne,AWeBZNPeC4KKKThcAUBy,2007-06-28 12:15:05,,
Apache_Cayenne,AWeBXWW9C4KKKThcAT-H,2007-06-28 08:11:58,,
Apache_Cayenne,AWeBVp3LC4KKKThcAT24,2007-06-28 08:08:43,,
Apache_Cayenne,AWeBT-fNC4KKKThcAT0Q,2007-06-27 21:20:29,,
Apache_Cayenne,AWeBSKITC4KKKThcATuw,2007-06-27 19:58:13,,
Apache_Cayenne,AWeBQZ6UC4KKKThcATjl,2007-06-27 19:30:49,,
Apache_Cayenne,AWeBOfBNC4KKKThcATeR,2007-06-27 13:29:46,,
Apache_Cayenne,AWeBMnBZC4KKKThcATVT,2007-06-27 12:55:25,,
Apache_Cayenne,AWeBK7acC4KKKThcATQF,2007-06-27 12:53:05,,
Apache_Cayenne,AWeBJRpnC4KKKThcASx2,2007-06-26 21:29:05,,
Apache_Cayenne,AWeBHoBlC4KKKThcASsy,2007-06-26 20:59:38,,
Apache_Cayenne,AWeBF9SkC4KKKThcASnr,2007-06-26 20:56:57,,
Apache_Cayenne,AWeBEVSEC4KKKThcASjx,2007-06-26 20:54:14,,
Apache_Cayenne,AWeBCobTC4KKKThcASf-,2007-06-26 20:39:31,,
Apache_Cayenne,AWeBA99PC4KKKThcAScE,2007-06-26 20:35:05,,
Apache_Cayenne,AWeA_UnLC4KKKThcASW1,2007-06-26 18:15:32,,
Apache_Cayenne,AWeA9iALC4KKKThcASRn,2007-06-25 11:47:48,,
Apache_Cayenne,AWeA7n5CC4KKKThcASKD,2007-06-25 09:23:23,,
Apache_Cayenne,AWeA5-_xC4KKKThcASGO,2007-06-24 14:55:08,,
Apache_Cayenne,AWeA4TN4C4KKKThcASDA,2007-06-24 14:25:45,,
Apache_Cayenne,AWeA2qAYC4KKKThcAR62,2007-06-24 14:17:40,,
Apache_Cayenne,AWeA0_CoC4KKKThcAR3W,2007-06-24 13:47:55,,
Apache_Cayenne,AWeAzVGcC4KKKThcARwM,2007-06-24 13:39:42,,
Apache_Cayenne,AWeAxqWZC4KKKThcARn3,2007-06-24 11:06:54,,
Apache_Cayenne,AWeAvzbwC4KKKThcARHw,2007-06-23 07:37:41,,
Apache_Cayenne,AWeAuATxC4KKKThcARBE,2007-06-22 13:11:58,,
Apache_Cayenne,AWeAsMStC4KKKThcAQ4Q,2007-06-22 13:07:56,,
Apache_Cayenne,AWeAqXY4C4KKKThcAQxG,2007-06-22 08:11:35,,
Apache_Cayenne,AWeAogYVC4KKKThcAQn3,2007-06-22 07:50:24,,
Apache_Cayenne,AWeAmrsbC4KKKThcAQZo,2007-06-22 07:10:51,,
Apache_Cayenne,AWeAlA4lC4KKKThcAQSb,2007-06-18 19:02:39,,
Apache_Cayenne,AWeAjW-cC4KKKThcAQCA,2007-06-18 14:56:15,,
Apache_Cayenne,AWeAhh4lC4KKKThcAP8n,2007-06-18 14:01:31,,
Apache_Cayenne,AWeAf11CC4KKKThcAPdV,2007-06-17 20:58:02,,
Apache_Cayenne,AWeAeLm1C4KKKThcAPX9,2007-06-17 06:58:52,,
Apache_Cayenne,AWeAci19C4KKKThcAPRx,2007-06-13 17:17:00,,
Apache_Cayenne,AWeAa56WC4KKKThcAPJk,2007-06-13 17:02:33,,
Apache_Cayenne,AWeAZNyFC4KKKThcAPDX,2007-06-13 16:55:32,,
Apache_Cayenne,AWeAXWKfC4KKKThcAOhc,2007-06-13 15:23:59,,
Apache_Cayenne,AWeAVg8FC4KKKThcAObr,2007-06-13 15:20:57,,
Apache_Cayenne,AWeATvMvC4KKKThcAOXU,2007-06-13 15:15:39,,
Apache_Cayenne,AWeAR3ipC4KKKThcANjQ,2007-06-13 12:00:33,,
Apache_Cayenne,AWeAQMQAC4KKKThcANC8,2007-06-12 20:34:47,,
Apache_Cayenne,AWeAOgwhC4KKKThcAMpF,2007-06-12 20:33:45,,
Apache_Cayenne,AWeAMqMLC4KKKThcAMKe,2007-06-12 20:27:51,,
Apache_Cayenne,AWeAK9xEC4KKKThcAMCF,2007-06-12 14:49:41,,
Apache_Cayenne,AWeAJT5GC4KKKThcALuJ,2007-06-12 05:24:36,,
Apache_Cayenne,AWeAHg14C4KKKThcALVX,2007-06-11 20:23:00,,
Apache_Cayenne,AWeAF2RMC4KKKThcALBk,2007-06-11 20:14:40,,
Apache_Cayenne,AWeAEHX_C4KKKThcAKgo,2007-06-11 20:08:06,,
Apache_Cayenne,AWeACanLC4KKKThcAKGF,2007-06-11 19:47:49,,
Apache_Cayenne,AWeAAsFGC4KKKThcAKCP,2007-06-11 16:37:32,,
Apache_Cayenne,AWd__BBGC4KKKThcAJR5,2007-06-11 12:38:04,,
Apache_Cayenne,AWd_9SkKC4KKKThcAJIm,2007-06-11 12:04:30,,
Apache_Cayenne,AWd_7boRC4KKKThcAIzk,2007-06-11 10:20:06,,
Apache_Cayenne,AWd_5djoC4KKKThcAH_G,2007-06-11 10:18:35,,
Apache_Cayenne,AWd_3zzgC4KKKThcAHiY,2007-06-11 09:54:50,,
Apache_Cayenne,AWd_1-yiC4KKKThcAHJS,2007-06-08 20:55:00,,
Apache_Cayenne,AWd_0LO9C4KKKThcAFxq,2007-06-08 20:52:51,,
Apache_Cayenne,AWd_ySiKC4KKKThcAFND,2007-06-08 20:52:45,,
Apache_Cayenne,AWd_wlfbC4KKKThcAFJA,2007-06-08 19:29:06,,
Apache_Cayenne,AWd_u6D0C4KKKThcAEoH,2007-06-08 18:43:10,,
Apache_Cayenne,AWd_tGr3C4KKKThcAEZy,2007-06-04 11:41:57,,
Apache_Cayenne,AWd_rbJmC4KKKThcAD_g,2007-06-04 10:23:04,,
Apache_Cayenne,AWd_pxjfC4KKKThcADyf,2007-06-04 06:23:48,,
Apache_Cayenne,AWd_oFQ9C4KKKThcADce,2007-05-31 15:24:41,,
Apache_Cayenne,AWd_mYvvC4KKKThcADJI,2007-05-28 07:15:21,,
Apache_Cayenne,AWd_krkLC4KKKThcACEi,2007-05-25 09:26:52,,
Apache_Cayenne,AWd_jAPYC4KKKThcABqJ,2007-05-19 20:22:24,,
Apache_Cayenne,AWd_hVA-C4KKKThcAA-_,2007-05-15 23:44:44,,
Apache_Cayenne,AWd_ffGCC4KKKThcAAxn,2007-05-07 16:13:27,,
Apache_Cayenne,AWd_dx49C4KKKThcAAtz,2007-05-05 10:03:19,,
Apache_Cayenne,AWd_cFj9C4KKKThc__2q,2007-05-05 10:00:37,,
Apache_Cayenne,AWd_aOs2C4KKKThc__wQ,2007-05-04 18:59:19,,
Apache_Cayenne,AWd_YhIHC4KKKThc__Jg,2007-05-04 12:53:45,,
Apache_Cayenne,AWd_W016C4KKKThc_-ji,2007-05-04 12:31:44,,
Apache_Cayenne,AWd_VIBsC4KKKThc_9gE,2007-05-04 12:29:45,,
Apache_Cayenne,AWd_TThYC4KKKThc_9OO,2007-05-04 12:18:11,,
Apache_Cayenne,AWd_RlUrC4KKKThc_9G3,2007-05-04 11:52:48,,
Apache_Cayenne,AWd_PxYLC4KKKThc_82m,2007-05-01 00:02:40,,
Apache_Cayenne,AWd_N8TvC4KKKThc_8xS,2007-04-27 17:27:44,,
Apache_Cayenne,AWd_MSerC4KKKThc_8ri,2007-04-26 02:16:38,,
Apache_Cayenne,AWd_KlF_C4KKKThc_8hw,2007-04-23 20:50:59,,
Apache_Cayenne,AWd_I7mrC4KKKThc_8bh,2007-04-22 15:57:18,,
Apache_Cayenne,AWd_HE70C4KKKThc_8T3,2007-04-22 15:57:04,,
Apache_Cayenne,AWd_FVNiC4KKKThc_8ID,2007-04-22 15:51:03,,
Apache_Cayenne,AWd_DiS8C4KKKThc_8AV,2007-04-22 15:47:17,,
Apache_Cayenne,AWd_Bij3C4KKKThc_75v,2007-04-22 12:41:45,,
Apache_Cayenne,AWd-_lL_C4KKKThc_7sK,2007-04-16 23:34:48,,
Apache_Cayenne,AWd-9xJZC4KKKThc_7nI,2007-04-09 10:03:25,,
Apache_Cayenne,AWd-7-PwC4KKKThc_7dg,2007-04-09 09:59:12,,
Apache_Cayenne,AWd-6IecC4KKKThc_7GY,2007-04-09 09:54:53,,
Apache_Cayenne,AWd-4ACzC4KKKThc_6nN,2007-04-08 18:55:58,,
Apache_Cayenne,AWd-2HQmC4KKKThc_5-y,2007-04-08 13:55:28,,
Apache_Cayenne,AWd-0MgxC4KKKThc_5bb,2007-04-08 13:35:32,,
Apache_Cayenne,AWd-yTy6C4KKKThc_4ef,2007-04-05 13:10:39,,
Apache_Cayenne,AWd-waMOC4KKKThc_4WE,2007-04-04 23:37:03,,
Apache_Cayenne,AWd-uPI3C4KKKThc_4KR,2007-04-03 15:09:09,,
Apache_Cayenne,AWd-sK9VC4KKKThc_3r1,2007-04-03 01:45:56,,
Apache_Cayenne,AWd-qYKdC4KKKThc_3ik,2007-04-03 01:45:26,,
Apache_Cayenne,AWd-oU2pC4KKKThc_3L5,2007-04-02 11:22:00,,
Apache_Cayenne,AWd-mQpHC4KKKThc_3ES,2007-04-02 11:12:26,,
Apache_Cayenne,AWd-kMJzC4KKKThc_2W6,2007-04-01 13:33:06,,
Apache_Cayenne,AWd-eeoqC4KKKThc_2D2,2007-03-29 09:36:13,,
Apache_Cayenne,AWd-csOXC4KKKThc_13R,2007-03-29 09:22:06,,
Apache_Cayenne,AWd-LRcvC4KKKThc_04Z,2007-03-09 12:38:17,,
Apache_Cayenne,AWd-Ht_VC4KKKThc_0Zd,2007-03-09 12:36:27,,
Apache_Cayenne,AWd-CHEzC4KKKThc_zzS,2007-03-07 18:10:05,,
Apache_Cayenne,AWd-AVznC4KKKThc_zjv,2007-03-07 17:58:21,,
Apache_Cayenne,AWd98nekC4KKKThc_zGI,2007-03-07 14:15:41,,
Apache_Cayenne,AWd926QcC4KKKThc_ymp,2007-02-28 17:30:02,,
Apache_Cayenne,AWd904sOC4KKKThc_w54,2007-02-28 12:30:21,,
Apache_Cayenne,AWd9zHw_C4KKKThc_wnk,2007-02-28 11:11:57,,
Apache_Cayenne,AWd9xJjTC4KKKThc_vxc,2007-02-28 11:11:15,,
Apache_Cayenne,AWd9vW27C4KKKThc_vrg,2007-02-28 10:44:37,,
Apache_Cayenne,AWd9tXV3C4KKKThc_uxI,2007-02-28 08:43:25,,
Apache_Cayenne,AWd9rV8YC4KKKThc_uo0,2007-02-28 08:43:15,,
Apache_Cayenne,AWd9pUJjC4KKKThc_ufx,2007-02-27 16:47:52,,
Apache_Cayenne,AWd9nTp4C4KKKThc_tWm,2007-02-27 16:45:06,,
Apache_Cayenne,AWd9liYRC4KKKThc_s6z,2007-02-27 16:19:30,,
Apache_Cayenne,AWd9jmHlC4KKKThc_sxT,2007-02-27 14:12:06,,
Apache_Cayenne,AWd9hioQC4KKKThc_skY,2007-02-27 12:40:42,,
Apache_Cayenne,AWd9fgi1C4KKKThc_sZ7,2007-02-26 17:53:25,,
Apache_Cayenne,AWd9denKC4KKKThc_sIP,2007-02-26 17:49:25,,
Apache_Cayenne,AWd9bezrC4KKKThc_r_H,2007-02-26 17:40:02,,
Apache_Cayenne,AWd9Ze5nC4KKKThc_ryA,2007-02-26 16:30:43,,
Apache_Cayenne,AWd9XbKdC4KKKThc_rmm,2007-02-26 16:08:36,,
Apache_Cayenne,AWd9Vb5_C4KKKThc_rWx,2007-02-26 10:39:40,,
Apache_Cayenne,AWd9TnJGC4KKKThc_rMR,2007-02-25 14:04:55,,
Apache_Cayenne,AWd9R1A5C4KKKThc_rFK,2007-02-23 11:07:16,,
Apache_Cayenne,AWd9QDx7C4KKKThc_q5j,2007-02-21 15:14:37,,
Apache_Cayenne,AWd9OSv1C4KKKThc_qv7,2007-02-21 14:54:50,,
Apache_Cayenne,AWd9MiVUC4KKKThc_qjp,2007-02-21 14:32:11,,
Apache_Cayenne,AWd9Kz0oC4KKKThc_qRu,2007-02-21 13:46:57,,
Apache_Cayenne,AWd9I7XbC4KKKThc_qIT,2007-02-21 13:31:21,,
Apache_Cayenne,AWd9G_UsC4KKKThc_p9q,2007-02-21 13:31:03,,
Apache_Cayenne,AWd9FC8DC4KKKThc_pjK,2007-02-17 21:08:04,,
Apache_Cayenne,AWd9DWvsC4KKKThc_pXm,2007-02-17 20:27:31,,
Apache_Cayenne,AWd9BmuEC4KKKThc_pNV,2007-02-17 19:52:00,,
Apache_Cayenne,AWd8_2j5C4KKKThc_pF3,2007-02-17 15:25:10,,
Apache_Cayenne,AWd8-G8SC4KKKThc_o-P,2007-02-17 01:56:47,,
Apache_Cayenne,AWd88J5SC4KKKThc_ox_,2007-02-17 01:21:13,,
Apache_Cayenne,AWd86MEJC4KKKThc_ooA,2007-02-16 16:24:21,,
Apache_Cayenne,AWd84bRVC4KKKThc_oc9,2007-02-16 14:32:32,,
Apache_Cayenne,AWd82rohC4KKKThc_oQ7,2007-02-15 14:49:16,,
Apache_Cayenne,AWd80w6iC4KKKThc_n0e,2007-02-15 14:19:57,,
Apache_Cayenne,AWd8y0qUC4KKKThc_nrN,2007-02-15 14:16:29,,
Apache_Cayenne,AWd8w4z4C4KKKThc_niG,2007-02-14 18:48:18,,
Apache_Cayenne,AWd8vH3JC4KKKThc_nYX,2007-02-14 15:38:33,,
Apache_Cayenne,AWd8tJ2LC4KKKThc_m9t,2007-02-14 15:33:38,,
Apache_Cayenne,AWd8rMsxC4KKKThc_m0K,2007-02-13 14:53:26,,
Apache_Cayenne,AWd8pPHZC4KKKThc_mlL,2007-02-13 14:40:59,,
Apache_Cayenne,AWd8nSbvC4KKKThc_mZi,2007-02-13 13:41:42,,
Apache_Cayenne,AWd8ljK3C4KKKThc_mNT,2007-02-13 04:14:20,,
Apache_Cayenne,AWd8jnBfC4KKKThc_lVb,2007-02-12 15:35:51,,
Apache_Cayenne,AWd8hpZzC4KKKThc_j_a,2007-02-12 15:33:46,,
Apache_Cayenne,AWd8fqM8C4KKKThc_jwC,2007-02-12 15:27:49,,
Apache_Cayenne,AWd8d2rTC4KKKThc_jlj,2007-02-12 02:21:54,,
Apache_Cayenne,AWd8cHbHC4KKKThc_jad,2007-02-12 02:08:58,,
Apache_Cayenne,AWd8aW5MC4KKKThc_jQv,2007-02-11 14:02:48,,
Apache_Cayenne,AWd8YkCBC4KKKThc_i4E,2007-02-11 13:57:30,,
Apache_Cayenne,AWd8WnRuC4KKKThc_isl,2007-02-11 13:54:53,,
Apache_Cayenne,AWd8U2D4C4KKKThc_iVv,2007-02-09 14:55:41,,
Apache_Cayenne,AWd8TEbTC4KKKThc_h97,2007-02-09 14:53:12,,
Apache_Cayenne,AWd8RVQQC4KKKThc_hzx,2007-02-08 15:11:48,,
Apache_Cayenne,AWd8PkDPC4KKKThc_hls,2007-02-08 14:29:23,,
Apache_Cayenne,AWd8N0TnC4KKKThc_gMC,2007-02-08 14:28:36,,
Apache_Cayenne,AWd8MED7C4KKKThc_gBA,2007-02-08 14:27:29,,
Apache_Cayenne,AWd8KG3JC4KKKThc_fzJ,2007-02-08 14:22:17,,
Apache_Cayenne,AWd8IHfdC4KKKThc_fmx,2007-02-08 13:56:12,,
Apache_Cayenne,AWd8GMWxC4KKKThc_fcB,2007-02-07 14:13:36,,
Apache_Cayenne,AWd8ENQLC4KKKThc_fQq,2007-02-07 13:58:32,,
Apache_Cayenne,AWd8CPxUC4KKKThc_fHg,2007-02-07 13:58:25,,
Apache_Cayenne,AWd8AfhhC4KKKThc_e7P,2007-02-07 13:19:40,,
Apache_Cayenne,AWd7-syRC4KKKThc_evR,2007-02-07 13:18:05,,
Apache_Cayenne,AWd78tDJC4KKKThc_egu,2007-02-07 13:13:38,,
Apache_Cayenne,AWd76rkMC4KKKThc_eVS,2007-02-07 12:51:01,,
Apache_Cayenne,AWd748RRC4KKKThc_eF3,2007-02-07 12:50:56,,
Apache_Cayenne,AWd73KOOC4KKKThc_d7H,2007-02-07 12:30:11,,
Apache_Cayenne,AWd71Lw2C4KKKThc_du-,2007-02-07 12:10:38,,
Apache_Cayenne,AWd7zK1EC4KKKThc_dij,2007-02-07 11:57:44,,
Apache_Cayenne,AWd7xZLvC4KKKThc_dYZ,2007-02-07 11:21:17,,
Apache_Cayenne,AWd7vdbhC4KKKThc_dO2,2007-02-06 10:11:50,,
Apache_Cayenne,AWd7tsBoC4KKKThc_dBm,2007-02-06 10:09:57,,
Apache_Cayenne,AWd7r9UbC4KKKThc_c4H,2007-02-06 10:07:44,,
Apache_Cayenne,AWd7qLJnC4KKKThc_ct-,2007-02-06 03:07:26,,
Apache_Cayenne,AWd7oNJAC4KKKThc_ck5,2007-02-05 14:07:51,,
Apache_Cayenne,AWd7mO2_C4KKKThc_cT6,2007-02-05 14:02:38,,
Apache_Cayenne,AWd7kRiIC4KKKThc_cFx,2007-02-05 12:59:45,,
Apache_Cayenne,AWd7if3XC4KKKThc_bqO,2007-02-05 12:59:39,,
Apache_Cayenne,AWd7grYlC4KKKThc_be8,2007-02-05 11:28:06,,
Apache_Cayenne,AWd7esAaC4KKKThc_bQ3,2007-02-05 11:17:01,,
Apache_Cayenne,AWd7cus2C4KKKThc_bAS,2007-02-05 11:15:16,,
Apache_Cayenne,AWd7aurCC4KKKThc_a1l,2007-02-04 11:48:54,,
Apache_Cayenne,AWd7YocmC4KKKThc_aIQ,2007-02-04 11:46:54,,
Apache_Cayenne,AWd7WotlC4KKKThc_ZU1,2007-02-04 11:46:19,,
Apache_Cayenne,AWd7Un_YC4KKKThc_Y85,2007-02-04 11:46:00,,
Apache_Cayenne,AWd7SnafC4KKKThc_Yb4,2007-02-04 11:31:14,,
Apache_Cayenne,AWd7QnRuC4KKKThc_YOg,2007-02-03 14:44:07,,
Apache_Cayenne,AWd7O00IC4KKKThc_X7K,2007-02-03 14:40:54,,
Apache_Cayenne,AWd7NCf6C4KKKThc_XM4,2007-02-03 14:40:31,,
Apache_Cayenne,AWd7LOG4C4KKKThc_WDe,2007-02-03 14:21:26,,
Apache_Cayenne,AWd7JO0_C4KKKThc_UX8,2007-02-03 14:11:38,,
Apache_Cayenne,AWd7HcSOC4KKKThc_TdO,2007-02-03 14:11:20,,
Apache_Cayenne,AWd7FoNeC4KKKThc_SQW,2007-02-03 14:06:40,,
Apache_Cayenne,AWd7D1KCC4KKKThc_Rq9,2007-01-31 17:12:23,,
Apache_Cayenne,AWd7B2WWC4KKKThc_QpK,2007-01-31 16:28:56,,
Apache_Cayenne,AWd6_59HC4KKKThc_O4x,2007-01-31 16:27:50,,
Apache_Cayenne,AWd699jgC4KKKThc_N9Y,2007-01-31 14:23:45,,
Apache_Cayenne,AWd68LmAC4KKKThc_Mfp,2007-01-31 14:15:43,,
Apache_Cayenne,AWd66ZfcC4KKKThc_MJC,2007-01-29 14:21:35,,
Apache_Cayenne,AWd64mNXC4KKKThc_J-y,2007-01-29 14:02:03,,
Apache_Cayenne,AWd6224xC4KKKThc_IJG,2007-01-25 13:39:49,,
Apache_Cayenne,AWd61C5XC4KKKThc_GTD,2007-01-25 13:37:04,,
Apache_Cayenne,AWd6zCYKC4KKKThc_E2z,2007-01-25 13:36:25,,
Apache_Cayenne,AWd6xBIuC4KKKThc_DaY,2007-01-24 13:45:07,,
Apache_Cayenne,AWd6vOdJC4KKKThc_CUT,2007-01-24 13:43:50,,
Apache_Cayenne,AWd6tZbeC4KKKThc_By1,2007-01-24 13:10:47,,
Apache_Cayenne,AWd6rYl4C4KKKThc_Biy,2007-01-22 13:34:13,,
Apache_Cayenne,AWd6pjBFC4KKKThc_BNR,2007-01-21 13:52:02,,
Apache_Cayenne,AWd6nb73C4KKKThc_A3s,2007-01-21 13:36:16,,
Apache_Cayenne,AWd6lacdC4KKKThc_AmW,2007-01-21 13:28:09,,
Apache_Cayenne,AWd6jUy5C4KKKThc_AQC,2007-01-21 13:23:59,,
Apache_Cayenne,AWd6hP0iC4KKKThc-_6M,2007-01-21 13:05:59,,
Apache_Cayenne,AWd6fN5zC4KKKThc-_IS,2007-01-21 12:57:56,,
Apache_Cayenne,AWd6dHywC4KKKThc--po,2007-01-21 12:51:59,,
Apache_Cayenne,AWd6bQKaC4KKKThc--YS,2007-01-21 12:37:05,,
Apache_Cayenne,AWd6ZbIRC4KKKThc-9wF,2007-01-21 12:12:53,,
Apache_Cayenne,AWd6XTrIC4KKKThc-9WD,2007-01-21 11:55:51,,
Apache_Cayenne,AWd6VPAWC4KKKThc-7gT,2007-01-21 11:51:56,,
Apache_Cayenne,AWd6TptiC4KKKThc-6Zd,2007-01-21 11:47:34,,
Apache_Cayenne,AWd6SLTxC4KKKThc-5tV,2007-01-21 11:38:30,,
Apache_Cayenne,AWd6QuGoC4KKKThc-5jf,2007-01-21 11:21:21,,
Apache_Cayenne,AWd6PSBEC4KKKThc-5ad,2007-01-21 11:21:00,,
Apache_Cayenne,AWd6N3VkC4KKKThc-5Nh,2007-01-21 11:20:24,,
Apache_Cayenne,AWd6MbPdC4KKKThc-47M,2007-01-21 11:19:48,,
Apache_Cayenne,AWd6LAr4C4KKKThc-4vC,2007-01-21 11:18:52,,
Apache_Cayenne,AWd6JkETC4KKKThc-x7j,2007-01-21 11:18:13,,
Apache_Cayenne,AWd6IE1uC4KKKThc-xaN,2007-01-21 11:17:01,,
Apache_Cayenne,AWd6GkfLC4KKKThc-xGW,2007-01-21 11:15:51,,
Apache_Cayenne,AWd6FKAhC4KKKThc-whr,2007-01-21 11:15:32,,
Apache_Cayenne,AWd6D9SUC4KKKThc-vdp,2007-01-21 11:14:38,,
Apache_Cayenne,AWd6DtWWC4KKKThc-vOj,2007-01-21 11:14:06,,
Apache_Cayenne,AWd6BmSdC4KKKThc-uEo,2007-01-21 11:13:33,,
Apache_Cayenne,AWd6AotwC4KKKThc-uEf,2007-01-21 11:11:49,,
Apache_Cayenne,AWd5_psxC4KKKThc-qK6,2007-01-21 11:11:02,,
